ABX3,exp_label,is_train,A,B,X,nA,nB,nX,rA (Ang),rB (Ang),rX (Ang),t,tau,t_pred,tau_pred,tau_prob,encoded_label,rA_rX,rB_rX,d_AX,d_BX,chi_A,Z_A,chi_B,Z_B,chi_X,Z_X,delta_chi_AX,delta_chi_BX
AgBrO3,-1,1,Ag,Br,O,1,5,-2,1.28,0.31,1.4,1.11,6.43,-1,-1,0.05,0,0.9142857142857144,0.22142857142857145,2.6799999999999997,1.71,1.93,47.0,2.96,35.0,3.44,8.0,1.51,0.48
AgCdBr3,-1,1,Ag,Cd,Br,1,2,-1,1.28,0.95,1.96,0.79,5.58,-1,-1,0.12,0,0.653061224489796,0.4846938775510204,3.24,2.91,1.93,47.0,1.69,48.0,2.96,35.0,1.03,1.27
PbAgBr3,-1,1,Pb,Ag,Br,2,1,-1,1.49,1.15,1.96,0.78,7.71,-1,-1,0.01,0,0.7602040816326531,0.586734693877551,3.45,3.11,1.8,82.0,1.93,47.0,2.96,35.0,1.16,1.03
AgCaCl3,-1,1,Ag,Ca,Cl,1,2,-1,1.28,1.0,1.81,0.78,6.0,-1,-1,0.07,0,0.7071823204419889,0.5524861878453039,3.09,2.81,1.93,47.0,1.0,20.0,3.16,17.0,1.2300000000000002,2.16
AgClO3,-1,1,Ag,Cl,O,1,5,-2,1.28,0.12,1.4,1.25,15.17,-1,-1,0.0,0,0.9142857142857144,0.08571428571428572,2.6799999999999997,1.52,1.93,47.0,3.16,17.0,3.44,8.0,1.51,0.2799999999999998
AgMgCl3,-1,1,Ag,Mg,Cl,1,2,-1,1.28,0.72,1.81,0.86,4.6,1,-1,0.34,0,0.7071823204419889,0.39779005524861877,3.09,2.5300000000000002,1.93,47.0,1.31,12.0,3.16,17.0,1.2300000000000002,1.85
AgSnCl3,-1,1,Ag,Sn,Cl,1,2,-1,1.28,1.15,1.81,0.74,10.97,-1,-1,0.0,0,0.7071823204419889,0.6353591160220994,3.09,2.96,1.93,47.0,1.96,50.0,3.16,17.0,1.2300000000000002,1.2000000000000002
AgCoF3,1,1,Ag,Co,F,1,2,-1,1.28,0.74,1.33,0.89,3.96,1,1,0.64,1,0.9624060150375939,0.556390977443609,2.6100000000000003,2.0700000000000003,1.93,47.0,1.88,27.0,3.98,9.0,2.05,2.1
AgCuF3,1,1,Ag,Cu,F,1,2,-1,1.28,0.73,1.33,0.9,3.94,1,1,0.64,1,0.9624060150375939,0.5488721804511277,2.6100000000000003,2.06,1.93,47.0,1.9,29.0,3.98,9.0,2.05,2.08
AgMgF3,1,1,Ag,Mg,F,1,2,-1,1.28,0.72,1.33,0.9,3.94,1,1,0.65,1,0.9624060150375939,0.5413533834586466,2.6100000000000003,2.05,1.93,47.0,1.31,12.0,3.98,9.0,2.05,2.67
AgMnF3,1,1,Ag,Mn,F,1,2,-1,1.28,0.83,1.33,0.85,4.16,1,1,0.54,1,0.9624060150375939,0.6240601503759398,2.6100000000000003,2.16,1.93,47.0,1.55,25.0,3.98,9.0,2.05,2.4299999999999997
AgNiF3,1,1,Ag,Ni,F,1,2,-1,1.28,0.69,1.33,0.91,3.93,1,1,0.65,1,0.9624060150375939,0.5187969924812029,2.6100000000000003,2.02,1.93,47.0,1.91,28.0,3.98,9.0,2.05,2.0700000000000003
PbAgF3,-1,1,Pb,Ag,F,2,1,-1,1.49,1.15,1.33,0.8,7.16,-1,-1,0.02,0,1.1203007518796992,0.8646616541353382,2.8200000000000003,2.48,1.8,82.0,1.93,47.0,3.98,9.0,2.1799999999999997,2.05
AgZnF3,1,1,Ag,Zn,F,1,2,-1,1.28,0.74,1.33,0.89,3.95,1,1,0.64,1,0.9624060150375939,0.556390977443609,2.6100000000000003,2.0700000000000003,1.93,47.0,1.65,30.0,3.98,9.0,2.05,2.33
AgNO3,-1,1,Ag,N,O,1,5,-2,1.28,0.13,1.4,1.24,14.07,-1,-1,0.0,0,0.9142857142857144,0.09285714285714286,2.6799999999999997,1.5299999999999998,1.93,47.0,3.04,7.0,3.44,8.0,1.51,0.3999999999999999
AgNbO3,1,1,Ag,Nb,O,1,5,-2,1.28,0.64,1.4,0.93,4.07,1,1,0.58,1,0.9142857142857144,0.4571428571428572,2.6799999999999997,2.04,1.93,47.0,1.6,41.0,3.44,8.0,1.51,1.8399999999999999
AgPO3,-1,1,Ag,P,O,1,5,-2,1.28,0.38,1.4,1.06,5.46,-1,-1,0.13,0,0.9142857142857144,0.27142857142857146,2.6799999999999997,1.7799999999999998,1.93,47.0,2.19,15.0,3.44,8.0,1.51,1.25
AgSbO3,-1,1,Ag,Sb,O,1,5,-2,1.28,0.6,1.4,0.95,4.15,1,1,0.55,0,0.9142857142857144,0.4285714285714286,2.6799999999999997,2.0,1.93,47.0,2.05,51.0,3.44,8.0,1.51,1.3900000000000001
AgTaO3,1,1,Ag,Ta,O,1,5,-2,1.28,0.64,1.4,0.93,4.07,1,1,0.58,1,0.9142857142857144,0.4571428571428572,2.6799999999999997,2.04,1.93,47.0,1.5,73.0,3.44,8.0,1.51,1.94
AgVO3,-1,1,Ag,V,O,1,5,-2,1.28,0.54,1.4,0.98,4.34,1,-1,0.46,0,0.9142857142857144,0.3857142857142858,2.6799999999999997,1.94,1.93,47.0,1.63,23.0,3.44,8.0,1.51,1.81
AlBO3,-1,1,Al,B,O,3,3,-2,0.54,0.27,1.4,0.82,4.88,-1,-1,0.25,0,0.3857142857142858,0.1928571428571429,1.94,1.67,1.61,13.0,2.04,5.0,3.44,8.0,1.8299999999999998,1.4
BiAlO3,1,1,Bi,Al,O,3,3,-2,1.17,0.54,1.4,0.94,2.0,1,1,0.97,1,0.8357142857142857,0.3857142857142858,2.57,1.94,1.9,83.0,1.61,13.0,3.44,8.0,1.54,1.8299999999999998
CeAlO3,1,1,Ce,Al,O,3,3,-2,1.34,0.54,1.4,1.0,1.8,1,1,0.97,1,0.9571428571428573,0.3857142857142858,2.74,1.94,1.12,58.0,1.61,13.0,3.44,8.0,2.32,1.8299999999999998
ErAlO3,1,1,Er,Al,O,3,3,-2,1.06,0.54,1.4,0.9,2.3,1,1,0.95,1,0.7571428571428572,0.3857142857142858,2.46,1.94,1.24,68.0,1.61,13.0,3.44,8.0,2.2,1.8299999999999998
FeAlO3,-1,1,Fe,Al,O,3,3,-2,0.78,0.54,1.4,0.8,5.22,-1,-1,0.17,0,0.5571428571428572,0.3857142857142858,2.1799999999999997,1.94,1.83,26.0,1.61,13.0,3.44,8.0,1.6099999999999999,1.8299999999999998
LaAlO3,1,1,La,Al,O,3,3,-2,1.36,0.54,1.4,1.01,1.79,1,1,0.97,1,0.9714285714285715,0.3857142857142858,2.76,1.94,1.1,57.0,1.61,13.0,3.44,8.0,2.34,1.8299999999999998
NdAlO3,1,1,Nd,Al,O,3,3,-2,1.27,0.54,1.4,0.98,1.85,1,1,0.97,1,0.9071428571428573,0.3857142857142858,2.67,1.94,1.14,60.0,1.61,13.0,3.44,8.0,2.3,1.8299999999999998
PrAlO3,1,1,Pr,Al,O,3,3,-2,1.18,0.54,1.4,0.94,1.98,1,1,0.97,1,0.8428571428571429,0.3857142857142858,2.58,1.94,1.13,59.0,1.61,13.0,3.44,8.0,2.31,1.8299999999999998
SmAlO3,1,1,Sm,Al,O,3,3,-2,1.24,0.54,1.4,0.96,1.89,1,1,0.97,1,0.8857142857142858,0.3857142857142858,2.6399999999999997,1.94,1.17,62.0,1.61,13.0,3.44,8.0,2.27,1.8299999999999998
TmAlO3,1,1,Tm,Al,O,3,3,-2,1.05,0.54,1.4,0.9,2.34,1,1,0.95,1,0.7500000000000001,0.3857142857142858,2.45,1.94,1.25,69.0,1.61,13.0,3.44,8.0,2.19,1.8299999999999998
YAlO3,1,1,Y,Al,O,3,3,-2,1.08,0.54,1.4,0.9,2.26,1,1,0.96,1,0.7714285714285716,0.3857142857142858,2.48,1.94,1.22,39.0,1.61,13.0,3.44,8.0,2.2199999999999998,1.8299999999999998
LiAsO3,-1,1,Li,As,O,1,5,-2,0.92,0.46,1.4,0.88,4.93,1,-1,0.24,0,0.6571428571428573,0.3285714285714286,2.32,1.8599999999999999,0.98,3.0,2.18,33.0,3.44,8.0,2.46,1.2599999999999998
NaAsO3,-1,1,Na,As,O,1,5,-2,1.39,0.46,1.4,1.06,4.78,-1,-1,0.28,0,0.9928571428571429,0.3285714285714286,2.79,1.8599999999999999,0.93,11.0,2.18,33.0,3.44,8.0,2.51,1.2599999999999998
SbAsO3,-1,1,Sb,As,O,3,3,-2,0.76,0.58,1.4,0.77,7.96,-1,-1,0.01,0,0.5428571428571429,0.41428571428571426,2.16,1.98,2.05,51.0,2.18,33.0,3.44,8.0,1.3900000000000001,1.2599999999999998
CrBO3,-1,1,Cr,B,O,3,3,-2,0.62,0.27,1.4,0.85,4.49,1,-1,0.39,0,0.4428571428571429,0.1928571428571429,2.02,1.67,1.66,24.0,2.04,5.0,3.44,8.0,1.78,1.4
ErBO3,-1,1,Er,B,O,3,3,-2,1.06,0.27,1.4,1.04,4.8,1,-1,0.27,0,0.7571428571428572,0.1928571428571429,2.46,1.67,1.24,68.0,2.04,5.0,3.44,8.0,2.2,1.4
FeBO3,-1,1,Fe,B,O,3,3,-2,0.78,0.27,1.4,0.92,4.35,1,-1,0.45,0,0.5571428571428572,0.1928571428571429,2.1799999999999997,1.67,1.83,26.0,2.04,5.0,3.44,8.0,1.6099999999999999,1.4
GdBO3,-1,1,Gd,B,O,3,3,-2,1.11,0.27,1.4,1.06,4.9,-1,-1,0.25,0,0.7928571428571429,0.1928571428571429,2.51,1.67,1.2,64.0,2.04,5.0,3.44,8.0,2.24,1.4
HoBO3,-1,1,Ho,B,O,3,3,-2,1.12,0.27,1.4,1.07,4.93,-1,-1,0.24,0,0.8000000000000002,0.1928571428571429,2.52,1.67,1.23,67.0,2.04,5.0,3.44,8.0,2.21,1.4
InBO3,-1,1,In,B,O,3,3,-2,0.92,0.27,1.4,0.98,4.52,1,-1,0.38,0,0.6571428571428573,0.1928571428571429,2.32,1.67,1.78,49.0,2.04,5.0,3.44,8.0,1.66,1.4
LaBO3,-1,1,La,B,O,3,3,-2,1.36,0.27,1.4,1.17,5.53,-1,-1,0.12,0,0.9714285714285715,0.1928571428571429,2.76,1.67,1.1,57.0,2.04,5.0,3.44,8.0,2.34,1.4
ScBO3,-1,1,Sc,B,O,3,3,-2,0.87,0.27,1.4,0.96,4.45,1,-1,0.41,0,0.6214285714285714,0.1928571428571429,2.27,1.67,1.36,21.0,2.04,5.0,3.44,8.0,2.08,1.4
TmBO3,-1,1,Tm,B,O,3,3,-2,1.05,0.27,1.4,1.04,4.78,1,-1,0.28,0,0.7500000000000001,0.1928571428571429,2.45,1.67,1.25,69.0,2.04,5.0,3.44,8.0,2.19,1.4
VBO3,-1,1,V,B,O,3,3,-2,0.64,0.27,1.4,0.86,4.42,1,-1,0.42,0,0.4571428571428572,0.1928571428571429,2.04,1.67,1.63,23.0,2.04,5.0,3.44,8.0,1.81,1.4
YBO3,-1,1,Y,B,O,3,3,-2,1.08,0.27,1.4,1.05,4.83,1,-1,0.27,0,0.7714285714285716,0.1928571428571429,2.48,1.67,1.22,39.0,2.04,5.0,3.44,8.0,2.2199999999999998,1.4
CsBaBr3,-1,1,Cs,Ba,Br,1,2,-1,1.88,1.35,1.96,0.82,4.66,-1,-1,0.32,0,0.9591836734693877,0.6887755102040817,3.84,3.31,0.79,55.0,0.89,56.0,2.96,35.0,2.17,2.07
KBaBr3,-1,1,K,Ba,Br,1,2,-1,1.64,1.35,1.96,0.77,6.69,-1,-1,0.03,0,0.836734693877551,0.6887755102040817,3.5999999999999996,3.31,0.82,19.0,0.89,56.0,2.96,35.0,2.14,2.07
BaNaBr3,-1,1,Ba,Na,Br,2,1,-1,1.61,1.02,1.96,0.85,4.84,1,-1,0.26,0,0.8214285714285715,0.5204081632653061,3.5700000000000003,2.98,0.89,56.0,0.93,11.0,2.96,35.0,2.07,2.03
RbBaBr3,-1,1,Rb,Ba,Br,1,2,-1,1.72,1.35,1.96,0.79,5.71,-1,-1,0.1,0,0.8775510204081632,0.6887755102040817,3.6799999999999997,3.31,0.82,37.0,0.89,56.0,2.96,35.0,2.14,2.07
BaCO3,-1,1,Ba,C,O,2,4,-2,1.61,0.16,1.4,1.36,13.47,-1,-1,0.0,0,1.1500000000000001,0.1142857142857143,3.01,1.5599999999999998,0.89,56.0,2.55,6.0,3.44,8.0,2.55,0.8900000000000001
BaCeO3,1,1,Ba,Ce,O,2,4,-2,1.61,0.87,1.4,0.94,3.62,1,1,0.76,1,1.1500000000000001,0.6214285714285714,3.01,2.27,0.89,56.0,1.12,58.0,3.44,8.0,2.55,2.32
CsBaCl3,-1,1,Cs,Ba,Cl,1,2,-1,1.88,1.35,1.81,0.83,4.55,1,-1,0.37,0,1.0386740331491713,0.7458563535911602,3.69,3.16,0.79,55.0,0.89,56.0,3.16,17.0,2.37,2.27
KBaCl3,-1,1,K,Ba,Cl,1,2,-1,1.64,1.35,1.81,0.77,6.58,-1,-1,0.04,0,0.9060773480662982,0.7458563535911602,3.45,3.16,0.82,19.0,0.89,56.0,3.16,17.0,2.3400000000000003,2.27
BaLiCl3,-1,1,Ba,Li,Cl,2,1,-1,1.61,0.76,1.81,0.94,4.03,1,1,0.61,0,0.8895027624309393,0.4198895027624309,3.42,2.5700000000000003,0.89,56.0,0.98,3.0,3.16,17.0,2.27,2.18
BaNaCl3,-1,1,Ba,Na,Cl,2,1,-1,1.61,1.02,1.81,0.85,4.69,1,-1,0.31,0,0.8895027624309393,0.56353591160221,3.42,2.83,0.89,56.0,0.93,11.0,3.16,17.0,2.27,2.23
BaCoO3,-1,1,Ba,Co,O,2,4,-2,1.61,0.53,1.4,1.1,4.11,-1,1,0.57,0,1.1500000000000001,0.3785714285714286,3.01,1.93,0.89,56.0,1.88,27.0,3.44,8.0,2.55,1.56
BaCrO3,-1,1,Ba,Cr,O,2,4,-2,1.61,0.55,1.4,1.09,4.0,-1,1,0.62,0,1.1500000000000001,0.3928571428571429,3.01,1.95,0.89,56.0,1.66,24.0,3.44,8.0,2.55,1.78
CsBaF3,-1,1,Cs,Ba,F,1,2,-1,1.88,1.35,1.33,0.85,4.19,1,-1,0.53,0,1.413533834586466,1.0150375939849625,3.21,2.68,0.79,55.0,0.89,56.0,3.98,9.0,3.19,3.09
KBaF3,-1,1,K,Ba,F,1,2,-1,1.64,1.35,1.33,0.78,6.23,-1,-1,0.06,0,1.2330827067669172,1.0150375939849625,2.9699999999999998,2.68,0.82,19.0,0.89,56.0,3.98,9.0,3.16,3.09
BaGeO3,-1,1,Ba,Ge,O,2,4,-2,1.61,0.53,1.4,1.1,4.11,-1,1,0.57,0,1.1500000000000001,0.3785714285714286,3.01,1.93,0.89,56.0,2.01,32.0,3.44,8.0,2.55,1.4300000000000002
BaHfO3,1,1,Ba,Hf,O,2,4,-2,1.61,0.71,1.4,1.01,3.51,1,1,0.8,1,1.1500000000000001,0.5071428571428571,3.01,2.11,0.89,56.0,1.3,72.0,3.44,8.0,2.55,2.1399999999999997
BaIrO3,1,1,Ba,Ir,O,2,4,-2,1.61,0.62,1.4,1.05,3.68,1,1,0.74,1,1.1500000000000001,0.4428571428571429,3.01,2.02,0.89,56.0,2.2,77.0,3.44,8.0,2.55,1.2399999999999998
BaMnO3,-1,1,Ba,Mn,O,2,4,-2,1.61,0.53,1.4,1.1,4.11,-1,1,0.57,0,1.1500000000000001,0.3785714285714286,3.01,1.93,0.89,56.0,1.55,25.0,3.44,8.0,2.55,1.89
BaMoO3,1,1,Ba,Mo,O,2,4,-2,1.61,0.65,1.4,1.04,3.62,1,1,0.77,1,1.1500000000000001,0.46428571428571436,3.01,2.05,0.89,56.0,2.16,42.0,3.44,8.0,2.55,1.2799999999999998
BaNpO3,1,1,Ba,Np,O,2,4,-2,1.61,0.87,1.4,0.94,3.62,1,1,0.76,1,1.1500000000000001,0.6214285714285714,3.01,2.27,0.89,56.0,1.3,93.0,3.44,8.0,2.55,2.1399999999999997
BaPaO3,1,1,Ba,Pa,O,2,4,-2,1.61,0.9,1.4,0.93,3.71,1,1,0.74,1,1.1500000000000001,0.6428571428571429,3.01,2.3,0.89,56.0,1.5,91.0,3.44,8.0,2.55,1.94
BaPbO3,1,1,Ba,Pb,O,2,4,-2,1.61,0.78,1.4,0.98,3.49,1,1,0.8,1,1.1500000000000001,0.5571428571428572,3.01,2.1799999999999997,0.89,56.0,1.8,82.0,3.44,8.0,2.55,1.64
BaSiO3,-1,1,Ba,Si,O,2,4,-2,1.61,0.4,1.4,1.18,5.28,-1,-1,0.16,0,1.1500000000000001,0.28571428571428575,3.01,1.7999999999999998,0.89,56.0,1.9,14.0,3.44,8.0,2.55,1.54
BaThO3,1,1,Ba,Th,O,2,4,-2,1.61,0.94,1.4,0.91,3.86,1,1,0.68,1,1.1500000000000001,0.6714285714285715,3.01,2.34,0.89,56.0,1.3,90.0,3.44,8.0,2.55,2.1399999999999997
BaTiO3,1,1,Ba,Ti,O,2,4,-2,1.61,0.6,1.4,1.06,3.75,-1,1,0.72,1,1.1500000000000001,0.4285714285714286,3.01,2.0,0.89,56.0,1.54,22.0,3.44,8.0,2.55,1.9
BaUO3,1,1,Ba,U,O,2,4,-2,1.61,0.89,1.4,0.93,3.68,1,1,0.75,1,1.1500000000000001,0.6357142857142858,3.01,2.29,0.89,56.0,1.7,92.0,3.44,8.0,2.55,1.74
KBeCl3,-1,1,K,Be,Cl,1,2,-1,1.64,0.45,1.81,1.08,5.84,-1,-1,0.09,0,0.9060773480662982,0.24861878453038674,3.45,2.2600000000000002,0.82,19.0,1.57,4.0,3.16,17.0,2.3400000000000003,1.59
NaBeCl3,-1,1,Na,Be,Cl,1,2,-1,1.39,0.45,1.81,1.0,5.76,1,-1,0.09,0,0.7679558011049723,0.24861878453038674,3.2,2.2600000000000002,0.93,11.0,1.57,4.0,3.16,17.0,2.23,1.59
RbBeCl3,-1,1,Rb,Be,Cl,1,2,-1,1.72,0.45,1.81,1.1,5.87,-1,-1,0.08,0,0.9502762430939226,0.24861878453038674,3.5300000000000002,2.2600000000000002,0.82,37.0,1.57,4.0,3.16,17.0,2.3400000000000003,1.59
TlBeCl3,-1,1,Tl,Be,Cl,1,2,-1,1.7,0.45,1.81,1.1,5.86,-1,-1,0.08,0,0.9392265193370165,0.24861878453038674,3.51,2.2600000000000002,1.8,81.0,1.57,4.0,3.16,17.0,1.36,1.59
CsBeF3,1,1,Cs,Be,F,1,2,-1,1.88,0.45,1.33,1.28,4.88,-1,-1,0.25,1,1.413533834586466,0.3383458646616541,3.21,1.78,0.79,55.0,1.57,4.0,3.98,9.0,3.19,2.41
RbBeF3,-1,1,Rb,Be,F,1,2,-1,1.72,0.45,1.33,1.21,4.81,-1,-1,0.27,0,1.2932330827067668,0.3383458646616541,3.05,1.78,0.82,37.0,1.57,4.0,3.98,9.0,3.16,2.41
BiInO3,1,1,Bi,In,O,3,3,-2,1.17,0.8,1.4,0.83,4.29,1,-1,0.48,1,0.8357142857142857,0.5714285714285715,2.57,2.2,1.9,83.0,1.78,49.0,3.44,8.0,1.54,1.66
KBiO3,-1,1,K,Bi,O,1,5,-2,1.64,0.76,1.4,1.0,3.65,1,1,0.76,0,1.1714285714285715,0.5428571428571429,3.04,2.16,0.82,19.0,1.9,83.0,3.44,8.0,2.62,1.54
LiBiO3,-1,1,Li,Bi,O,1,5,-2,0.92,0.76,1.4,0.76,7.18,-1,-1,0.02,0,0.6571428571428573,0.5428571428571429,2.32,2.16,0.98,3.0,1.9,83.0,3.44,8.0,2.46,1.54
BiMnO3,1,1,Bi,Mn,O,3,3,-2,1.17,0.64,1.4,0.89,2.31,1,1,0.95,1,0.8357142857142857,0.4571428571428572,2.57,2.04,1.9,83.0,1.55,25.0,3.44,8.0,1.54,1.89
NaBiO3,-1,1,Na,Bi,O,1,5,-2,1.39,0.76,1.4,0.91,3.87,1,1,0.67,0,0.9928571428571429,0.5428571428571429,2.79,2.16,0.93,11.0,1.9,83.0,3.44,8.0,2.51,1.54
BiScO3,1,1,Bi,Sc,O,3,3,-2,1.17,0.74,1.4,0.85,3.32,1,1,0.84,1,0.8357142857142857,0.5285714285714286,2.57,2.1399999999999997,1.9,83.0,1.36,21.0,3.44,8.0,1.54,2.08
CsBrO3,-1,1,Cs,Br,O,1,5,-2,1.88,0.31,1.4,1.36,6.88,-1,-1,0.03,0,1.342857142857143,0.22142857142857145,3.28,1.71,0.79,55.0,2.96,35.0,3.44,8.0,2.65,0.48
KBrO3,-1,1,K,Br,O,1,5,-2,1.64,0.31,1.4,1.26,6.69,-1,-1,0.03,0,1.1714285714285715,0.22142857142857145,3.04,1.71,0.82,19.0,2.96,35.0,3.44,8.0,2.62,0.48
NaBrO3,-1,1,Na,Br,O,1,5,-2,1.39,0.31,1.4,1.15,6.5,-1,-1,0.04,0,0.9928571428571429,0.22142857142857145,2.79,1.71,0.93,11.0,2.96,35.0,3.44,8.0,2.51,0.48
RbBrO3,-1,1,Rb,Br,O,1,5,-2,1.72,0.31,1.4,1.29,6.75,-1,-1,0.03,0,1.2285714285714286,0.22142857142857145,3.12,1.71,0.82,37.0,2.96,35.0,3.44,8.0,2.62,0.48
TlBrO3,-1,1,Tl,Br,O,1,5,-2,1.7,0.31,1.4,1.28,6.74,-1,-1,0.03,0,1.2142857142857144,0.22142857142857145,3.0999999999999996,1.71,1.8,81.0,2.96,35.0,3.44,8.0,1.64,0.48
CaLiBr3,-1,1,Ca,Li,Br,2,1,-1,1.34,0.76,1.96,0.86,4.8,1,-1,0.28,0,0.6836734693877552,0.3877551020408163,3.3,2.7199999999999998,1.0,20.0,0.98,3.0,2.96,35.0,1.96,1.98
NaCaBr3,-1,1,Na,Ca,Br,1,2,-1,1.39,1.0,1.96,0.8,5.18,-1,-1,0.18,0,0.7091836734693877,0.5102040816326531,3.3499999999999996,2.96,0.93,11.0,1.0,20.0,2.96,35.0,2.03,1.96
CsCdBr3,1,1,Cs,Cd,Br,1,2,-1,1.88,0.95,1.96,0.93,3.96,1,1,0.63,1,0.9591836734693877,0.4846938775510204,3.84,2.91,0.79,55.0,1.69,48.0,2.96,35.0,2.17,1.27
NaCdBr3,-1,1,Na,Cd,Br,1,2,-1,1.39,0.95,1.96,0.81,4.91,-1,-1,0.24,0,0.7091836734693877,0.4846938775510204,3.3499999999999996,2.91,0.93,11.0,1.69,48.0,2.96,35.0,2.03,1.27
RbCdBr3,1,1,Rb,Cd,Br,1,2,-1,1.72,0.95,1.96,0.89,4.11,1,1,0.56,1,0.8775510204081632,0.4846938775510204,3.6799999999999997,2.91,0.82,37.0,1.69,48.0,2.96,35.0,2.14,1.27
KCoBr3,-1,1,K,Co,Br,1,2,-1,1.64,0.74,1.96,0.94,4.42,1,-1,0.42,0,0.836734693877551,0.37755102040816324,3.5999999999999996,2.7,0.82,19.0,1.88,27.0,2.96,35.0,2.14,1.08
LiCoBr3,-1,1,Li,Co,Br,1,2,-1,0.92,0.74,1.96,0.75,7.48,-1,-1,0.01,0,0.46938775510204084,0.37755102040816324,2.88,2.7,0.98,3.0,1.88,27.0,2.96,35.0,1.98,1.08
CsHgBr3,1,1,Cs,Hg,Br,1,2,-1,1.88,1.02,1.96,0.91,3.94,1,1,0.65,1,0.9591836734693877,0.5204081632653061,3.84,2.98,0.79,55.0,1.9,80.0,2.96,35.0,2.17,1.06
CsMnBr3,-1,1,Cs,Mn,Br,1,2,-1,1.88,0.83,1.96,0.97,4.13,1,1,0.56,0,0.9591836734693877,0.423469387755102,3.84,2.79,0.79,55.0,1.55,25.0,2.96,35.0,2.17,1.41
CsNiBr3,-1,1,Cs,Ni,Br,1,2,-1,1.88,0.69,1.96,1.02,4.56,1,-1,0.36,0,0.9591836734693877,0.3520408163265306,3.84,2.65,0.79,55.0,1.91,28.0,2.96,35.0,2.17,1.05
CsSnBr3,1,1,Cs,Sn,Br,1,2,-1,1.88,1.15,1.96,0.87,4.03,1,1,0.6,1,0.9591836734693877,0.586734693877551,3.84,3.11,0.79,55.0,1.96,50.0,2.96,35.0,2.17,1.0
CsTiBr3,-1,1,Cs,Ti,Br,1,2,-1,1.88,0.86,1.96,0.96,4.07,1,1,0.58,0,0.9591836734693877,0.4387755102040816,3.84,2.82,0.79,55.0,1.54,22.0,2.96,35.0,2.17,1.42
LiMgBr3,-1,1,Li,Mg,Br,1,2,-1,0.92,0.72,1.96,0.76,6.94,-1,-1,0.03,0,0.46938775510204084,0.3673469387755102,2.88,2.6799999999999997,0.98,3.0,1.31,12.0,2.96,35.0,1.98,1.65
SrLiBr3,-1,1,Sr,Li,Br,2,1,-1,1.44,0.76,1.96,0.88,4.51,1,-1,0.38,0,0.7346938775510204,0.3877551020408163,3.4,2.7199999999999998,0.95,38.0,0.98,3.0,2.96,35.0,2.01,1.98
NaMgBr3,-1,1,Na,Mg,Br,1,2,-1,1.39,0.72,1.96,0.88,4.66,1,-1,0.32,0,0.7091836734693877,0.3673469387755102,3.3499999999999996,2.6799999999999997,0.93,11.0,1.31,12.0,2.96,35.0,2.03,1.65
RbMnBr3,-1,1,Rb,Mn,Br,1,2,-1,1.72,0.83,1.96,0.93,4.21,1,-1,0.52,0,0.8775510204081632,0.423469387755102,3.6799999999999997,2.79,0.82,37.0,1.55,25.0,2.96,35.0,2.14,1.41
SrNaBr3,-1,1,Sr,Na,Br,2,1,-1,1.44,1.02,1.96,0.81,6.11,-1,-1,0.06,0,0.7346938775510204,0.5204081632653061,3.4,2.98,0.95,38.0,0.93,11.0,2.96,35.0,2.01,2.03
RbNiBr3,-1,1,Rb,Ni,Br,1,2,-1,1.72,0.69,1.96,0.98,4.57,1,-1,0.36,0,0.8775510204081632,0.3520408163265306,3.6799999999999997,2.65,0.82,37.0,1.91,28.0,2.96,35.0,2.14,1.05
CdCO3,-1,1,Cd,C,O,2,4,-2,1.31,0.16,1.4,1.23,12.54,-1,-1,0.0,0,0.9357142857142858,0.1142857142857143,2.71,1.5599999999999998,1.69,48.0,2.55,6.0,3.44,8.0,1.75,0.8900000000000001
CoCO3,-1,1,Co,C,O,2,4,-2,0.9,0.16,1.4,1.04,11.26,1,-1,0.0,0,0.6428571428571429,0.1142857142857143,2.3,1.5599999999999998,1.88,27.0,2.55,6.0,3.44,8.0,1.56,0.8900000000000001
MgCO3,-1,1,Mg,C,O,2,4,-2,0.89,0.16,1.4,1.04,11.23,1,-1,0.0,0,0.6357142857142858,0.1142857142857143,2.29,1.5599999999999998,1.31,12.0,2.55,6.0,3.44,8.0,2.13,0.8900000000000001
PbCO3,-1,1,Pb,C,O,2,4,-2,1.49,0.16,1.4,1.31,13.1,-1,-1,0.0,0,1.0642857142857143,0.1142857142857143,2.8899999999999997,1.5599999999999998,1.8,82.0,2.55,6.0,3.44,8.0,1.64,0.8900000000000001
SrCO3,-1,1,Sr,C,O,2,4,-2,1.44,0.16,1.4,1.29,12.94,-1,-1,0.0,0,1.0285714285714287,0.1142857142857143,2.84,1.5599999999999998,0.95,38.0,2.55,6.0,3.44,8.0,2.49,0.8900000000000001
CsCaCl3,1,1,Cs,Ca,Cl,1,2,-1,1.88,1.0,1.81,0.93,3.79,1,1,0.71,1,1.0386740331491713,0.5524861878453039,3.69,2.81,0.79,55.0,1.0,20.0,3.16,17.0,2.37,2.16
CaCuCl3,-1,1,Ca,Cu,Cl,2,1,-1,1.34,0.77,1.81,0.86,4.63,1,-1,0.33,0,0.7403314917127072,0.425414364640884,3.1500000000000004,2.58,1.0,20.0,1.9,29.0,3.16,17.0,2.16,1.2600000000000002
KCaCl3,1,1,K,Ca,Cl,1,2,-1,1.64,1.0,1.81,0.87,4.13,1,1,0.56,1,0.9060773480662982,0.5524861878453039,3.45,2.81,0.82,19.0,1.0,20.0,3.16,17.0,2.3400000000000003,2.16
NaCaCl3,-1,1,Na,Ca,Cl,1,2,-1,1.39,1.0,1.81,0.81,5.03,-1,-1,0.21,0,0.7679558011049723,0.5524861878453039,3.2,2.81,0.93,11.0,1.0,20.0,3.16,17.0,2.23,2.16
RbCaCl3,1,1,Rb,Ca,Cl,1,2,-1,1.72,1.0,1.81,0.89,3.98,1,1,0.63,1,0.9502762430939226,0.5524861878453039,3.5300000000000002,2.81,0.82,37.0,1.0,20.0,3.16,17.0,2.3400000000000003,2.16
CsCaF3,1,1,Cs,Ca,F,1,2,-1,1.88,1.0,1.33,0.97,3.31,1,1,0.84,1,1.413533834586466,0.7518796992481203,3.21,2.33,0.79,55.0,1.0,20.0,3.98,9.0,3.19,2.98
KCaF3,1,1,K,Ca,F,1,2,-1,1.64,1.0,1.33,0.9,3.65,1,1,0.76,1,1.2330827067669172,0.7518796992481203,2.9699999999999998,2.33,0.82,19.0,1.0,20.0,3.98,9.0,3.16,2.98
CaLiF3,-1,1,Ca,Li,F,2,1,-1,1.34,0.76,1.33,0.9,3.97,1,1,0.63,0,1.0075187969924813,0.5714285714285714,2.67,2.09,1.0,20.0,0.98,3.0,3.98,9.0,2.98,3.0
NaCaF3,-1,1,Na,Ca,F,1,2,-1,1.39,1.0,1.33,0.83,4.55,1,-1,0.36,0,1.045112781954887,0.7518796992481203,2.7199999999999998,2.33,0.93,11.0,1.0,20.0,3.98,9.0,3.05,2.98
CaHfO3,1,1,Ca,Hf,O,2,4,-2,1.34,0.71,1.4,0.92,3.91,1,1,0.66,1,0.9571428571428573,0.5071428571428571,2.74,2.11,1.0,20.0,1.3,72.0,3.44,8.0,2.44,2.1399999999999997
KCaI3,-1,1,K,Ca,I,1,2,-1,1.64,1.0,2.2,0.85,4.52,1,-1,0.38,0,0.7454545454545454,0.45454545454545453,3.84,3.2,0.82,19.0,1.0,20.0,2.66,53.0,1.8400000000000003,1.6600000000000001
NaCaI3,-1,1,Na,Ca,I,1,2,-1,1.39,1.0,2.2,0.79,5.42,-1,-1,0.14,0,0.6318181818181817,0.45454545454545453,3.59,3.2,0.93,11.0,1.0,20.0,2.66,53.0,1.73,1.6600000000000001
RbCaI3,-1,1,Rb,Ca,I,1,2,-1,1.72,1.0,2.2,0.87,4.37,1,-1,0.44,0,0.7818181818181817,0.45454545454545453,3.92,3.2,0.82,37.0,1.0,20.0,2.66,53.0,1.8400000000000003,1.6600000000000001
CaIrO3,1,1,Ca,Ir,O,2,4,-2,1.34,0.62,1.4,0.96,3.86,1,1,0.68,1,0.9571428571428573,0.4428571428571429,2.74,2.02,1.0,20.0,2.2,77.0,3.44,8.0,2.44,1.2399999999999998
CaNbO3,1,1,Ca,Nb,O,2,4,-2,1.34,0.68,1.4,0.93,3.87,1,1,0.67,1,0.9571428571428573,0.48571428571428577,2.74,2.08,1.0,20.0,1.6,41.0,3.44,8.0,2.44,1.8399999999999999
CaPbO3,1,1,Ca,Pb,O,2,4,-2,1.34,0.78,1.4,0.89,4.12,1,1,0.56,1,0.9571428571428573,0.5571428571428572,2.74,2.1799999999999997,1.0,20.0,1.8,82.0,3.44,8.0,2.44,1.64
CaRuO3,1,1,Ca,Ru,O,2,4,-2,1.34,0.62,1.4,0.96,3.87,1,1,0.68,1,0.9571428571428573,0.4428571428571429,2.74,2.02,1.0,20.0,2.2,44.0,3.44,8.0,2.44,1.2399999999999998
CaSiO3,1,1,Ca,Si,O,2,4,-2,1.34,0.4,1.4,1.08,5.04,-1,-1,0.21,1,0.9571428571428573,0.28571428571428575,2.74,1.7999999999999998,1.0,20.0,1.9,14.0,3.44,8.0,2.44,1.54
CaSnO3,1,1,Ca,Sn,O,2,4,-2,1.34,0.69,1.4,0.93,3.88,1,1,0.67,1,0.9571428571428573,0.4928571428571428,2.74,2.09,1.0,20.0,1.96,50.0,3.44,8.0,2.44,1.48
CaTiO3,1,1,Ca,Ti,O,2,4,-2,1.34,0.6,1.4,0.97,3.88,1,1,0.67,1,0.9571428571428573,0.4285714285714286,2.74,2.0,1.0,20.0,1.54,22.0,3.44,8.0,2.44,1.9
CaUO3,1,1,Ca,U,O,2,4,-2,1.34,0.89,1.4,0.85,4.93,1,-1,0.24,1,0.9571428571428573,0.6357142857142858,2.74,2.29,1.0,20.0,1.7,92.0,3.44,8.0,2.44,1.74
CaVO3,1,1,Ca,V,O,2,4,-2,1.34,0.58,1.4,0.98,3.93,1,1,0.65,1,0.9571428571428573,0.41428571428571426,2.74,1.98,1.0,20.0,1.63,23.0,3.44,8.0,2.44,1.81
CaZrO3,1,1,Ca,Zr,O,2,4,-2,1.34,0.72,1.4,0.91,3.94,1,1,0.65,1,0.9571428571428573,0.5142857142857143,2.74,2.12,1.0,20.0,1.33,40.0,3.44,8.0,2.44,2.11
CdCuCl3,-1,1,Cd,Cu,Cl,2,1,-1,1.31,0.77,1.81,0.86,4.75,1,-1,0.29,0,0.7237569060773481,0.425414364640884,3.12,2.58,1.69,48.0,1.9,29.0,3.16,17.0,1.4700000000000002,1.2600000000000002
KCdCl3,1,1,K,Cd,Cl,1,2,-1,1.64,0.95,1.81,0.88,4.07,1,1,0.59,1,0.9060773480662982,0.5248618784530387,3.45,2.76,0.82,19.0,1.69,48.0,3.16,17.0,2.3400000000000003,1.4700000000000002
NaCdCl3,-1,1,Na,Cd,Cl,1,2,-1,1.39,0.95,1.81,0.82,4.75,-1,-1,0.29,0,0.7679558011049723,0.5248618784530387,3.2,2.76,0.93,11.0,1.69,48.0,3.16,17.0,2.23,1.4700000000000002
RbCdCl3,1,1,Rb,Cd,Cl,1,2,-1,1.72,0.95,1.81,0.9,3.96,1,1,0.64,1,0.9502762430939226,0.5248618784530387,3.5300000000000002,2.76,0.82,37.0,1.69,48.0,3.16,17.0,2.3400000000000003,1.4700000000000002
TlCdCl3,1,1,Tl,Cd,Cl,1,2,-1,1.7,0.95,1.81,0.9,3.98,1,1,0.63,1,0.9392265193370165,0.5248618784530387,3.51,2.76,1.8,81.0,1.69,48.0,3.16,17.0,1.36,1.4700000000000002
CsCdF3,1,1,Cs,Cd,F,1,2,-1,1.88,0.95,1.33,1.0,3.3,1,1,0.84,1,1.413533834586466,0.7142857142857142,3.21,2.2800000000000002,0.79,55.0,1.69,48.0,3.98,9.0,3.19,2.29
KCdF3,1,1,K,Cd,F,1,2,-1,1.64,0.95,1.33,0.92,3.56,1,1,0.78,1,1.2330827067669172,0.7142857142857142,2.9699999999999998,2.2800000000000002,0.82,19.0,1.69,48.0,3.98,9.0,3.16,2.29
NaCdF3,-1,1,Na,Cd,F,1,2,-1,1.39,0.95,1.33,0.84,4.24,1,-1,0.5,0,1.045112781954887,0.7142857142857142,2.7199999999999998,2.2800000000000002,0.93,11.0,1.69,48.0,3.98,9.0,3.05,2.29
RbCdF3,1,1,Rb,Cd,F,1,2,-1,1.72,0.95,1.33,0.95,3.45,1,1,0.81,1,1.2932330827067668,0.7142857142857142,3.05,2.2800000000000002,0.82,37.0,1.69,48.0,3.98,9.0,3.16,2.29
TlCdF3,1,1,Tl,Cd,F,1,2,-1,1.7,0.95,1.33,0.94,3.48,1,1,0.8,1,1.2781954887218043,0.7142857142857142,3.0300000000000002,2.2800000000000002,1.8,81.0,1.69,48.0,3.98,9.0,2.1799999999999997,2.29
CdGeO3,1,1,Cd,Ge,O,2,4,-2,1.31,0.53,1.4,0.99,4.1,1,1,0.57,1,0.9357142857142858,0.3785714285714286,2.71,1.93,1.69,48.0,2.01,32.0,3.44,8.0,1.75,1.4300000000000002
KCdI3,-1,1,K,Cd,I,1,2,-1,1.64,0.95,2.2,0.86,4.48,1,-1,0.4,0,0.7454545454545454,0.43181818181818177,3.84,3.1500000000000004,0.82,19.0,1.69,48.0,2.66,53.0,1.8400000000000003,0.9700000000000002
NaCdI3,-1,1,Na,Cd,I,1,2,-1,1.39,0.95,2.2,0.81,5.16,-1,-1,0.18,0,0.6318181818181817,0.43181818181818177,3.59,3.1500000000000004,0.93,11.0,1.69,48.0,2.66,53.0,1.73,0.9700000000000002
TlCdI3,-1,1,Tl,Cd,I,1,2,-1,1.7,0.95,2.2,0.88,4.39,1,-1,0.43,0,0.7727272727272726,0.43181818181818177,3.9000000000000004,3.1500000000000004,1.8,81.0,1.69,48.0,2.66,53.0,0.8600000000000001,0.9700000000000002
CdPbO3,-1,1,Cd,Pb,O,2,4,-2,1.31,0.78,1.4,0.88,4.25,1,-1,0.5,0,0.9357142857142858,0.5571428571428572,2.71,2.1799999999999997,1.69,48.0,1.8,82.0,3.44,8.0,1.75,1.64
CdSO3,-1,1,Cd,S,O,2,4,-2,1.31,0.37,1.4,1.08,5.38,-1,-1,0.14,0,0.9357142857142858,0.2642857142857143,2.71,1.77,1.69,48.0,2.58,16.0,3.44,8.0,1.75,0.8599999999999999
CdSeO3,-1,1,Cd,Se,O,2,4,-2,1.31,0.5,1.4,1.01,4.24,1,-1,0.5,0,0.9357142857142858,0.35714285714285715,2.71,1.9,1.69,48.0,2.55,34.0,3.44,8.0,1.75,0.8900000000000001
TeCdO3,-1,1,Te,Cd,O,4,2,-2,0.97,0.95,1.4,0.71,181.51,-1,-1,0.0,0,0.6928571428571428,0.6785714285714286,2.37,2.3499999999999996,2.1,52.0,1.69,48.0,3.44,8.0,1.3399999999999999,1.75
CeCrO3,1,1,Ce,Cr,O,4,2,-2,1.14,0.8,1.4,0.82,1.84,-1,1,0.97,1,0.8142857142857143,0.5714285714285715,2.54,2.2,1.12,58.0,1.66,24.0,3.44,8.0,2.32,1.78
CeFeO3,1,1,Ce,Fe,O,4,2,-2,1.14,0.78,1.4,0.82,1.2,-1,1,0.99,1,0.8142857142857143,0.5571428571428572,2.54,2.1799999999999997,1.12,58.0,1.83,26.0,3.44,8.0,2.32,1.6099999999999999
CeLuO3,1,1,Ce,Lu,O,3,3,-2,1.34,0.86,1.4,0.86,3.18,1,1,0.87,1,0.9571428571428573,0.6142857142857143,2.74,2.26,1.12,58.0,1.0,71.0,3.44,8.0,2.32,2.44
SrCeO3,1,1,Sr,Ce,O,2,4,-2,1.44,0.87,1.4,0.88,4.18,1,1,0.53,1,1.0285714285714287,0.6214285714285714,2.84,2.27,0.95,38.0,1.12,58.0,3.44,8.0,2.49,2.32
CeVO3,1,1,Ce,V,O,4,2,-2,1.14,0.79,1.4,0.82,1.51,-1,1,0.98,1,0.8142857142857143,0.5642857142857144,2.54,2.19,1.12,58.0,1.63,23.0,3.44,8.0,2.32,1.81
KClO3,-1,1,K,Cl,O,1,5,-2,1.64,0.12,1.4,1.41,15.89,-1,-1,0.0,0,1.1714285714285715,0.08571428571428572,3.04,1.52,0.82,19.0,3.16,17.0,3.44,8.0,2.62,0.2799999999999998
RbClO3,-1,1,Rb,Cl,O,1,5,-2,1.72,0.12,1.4,1.45,16.05,-1,-1,0.0,0,1.2285714285714286,0.08571428571428572,3.12,1.52,0.82,37.0,3.16,17.0,3.44,8.0,2.62,0.2799999999999998
RbCoCl3,-1,1,Rb,Co,Cl,1,2,-1,1.72,0.74,1.81,0.98,4.19,1,-1,0.53,0,0.9502762430939226,0.4088397790055249,3.5300000000000002,2.55,0.82,37.0,1.88,27.0,3.16,17.0,2.3400000000000003,1.2800000000000002
CsCrCl3,-1,1,Cs,Cr,Cl,1,2,-1,1.88,0.8,1.81,1.0,4.01,1,1,0.61,0,1.0386740331491713,0.44198895027624313,3.69,2.6100000000000003,0.79,55.0,1.66,24.0,3.16,17.0,2.37,1.5000000000000002
CrLiCl3,-1,1,Cr,Li,Cl,2,1,-1,0.8,0.76,1.81,0.72,39.43,-1,-1,0.0,0,0.44198895027624313,0.4198895027624309,2.6100000000000003,2.5700000000000003,1.66,24.0,0.98,3.0,3.16,17.0,1.5000000000000002,2.18
NaCrCl3,-1,1,Na,Cr,Cl,1,2,-1,1.39,0.8,1.81,0.87,4.41,1,-1,0.43,0,0.7679558011049723,0.44198895027624313,3.2,2.6100000000000003,0.93,11.0,1.66,24.0,3.16,17.0,2.23,1.5000000000000002
RbCrCl3,1,1,Rb,Cr,Cl,1,2,-1,1.72,0.8,1.81,0.96,4.07,1,1,0.58,1,0.9502762430939226,0.44198895027624313,3.5300000000000002,2.6100000000000003,0.82,37.0,1.66,24.0,3.16,17.0,2.3400000000000003,1.5000000000000002
CsFeCl3,-1,1,Cs,Fe,Cl,1,2,-1,1.88,0.78,1.81,1.01,4.06,1,1,0.59,0,1.0386740331491713,0.430939226519337,3.69,2.59,0.79,55.0,1.83,26.0,3.16,17.0,2.37,1.33
CsGeCl3,-1,1,Cs,Ge,Cl,1,2,-1,1.88,0.73,1.81,1.03,4.2,1,-1,0.52,0,1.0386740331491713,0.4033149171270718,3.69,2.54,0.79,55.0,2.01,32.0,3.16,17.0,2.37,1.1500000000000004
CsHgCl3,1,1,Cs,Hg,Cl,1,2,-1,1.88,1.02,1.81,0.92,3.79,1,1,0.71,1,1.0386740331491713,0.56353591160221,3.69,2.83,0.79,55.0,1.9,80.0,3.16,17.0,2.37,1.2600000000000002
CsMnCl3,1,1,Cs,Mn,Cl,1,2,-1,1.88,0.83,1.81,0.99,3.95,1,1,0.64,1,1.0386740331491713,0.45856353591160215,3.69,2.64,0.79,55.0,1.55,25.0,3.16,17.0,2.37,1.61
CsNiCl3,-1,1,Cs,Ni,Cl,1,2,-1,1.88,0.69,1.81,1.04,4.34,1,-1,0.46,0,1.0386740331491713,0.38121546961325964,3.69,2.5,0.79,55.0,1.91,28.0,3.16,17.0,2.37,1.2500000000000002
CsSnCl3,1,1,Cs,Sn,Cl,1,2,-1,1.88,1.15,1.81,0.88,3.9,1,1,0.66,1,1.0386740331491713,0.6353591160220994,3.69,2.96,0.79,55.0,1.96,50.0,3.16,17.0,2.37,1.2000000000000002
CsSrCl3,1,1,Cs,Sr,Cl,1,2,-1,1.88,1.18,1.81,0.87,3.95,1,1,0.64,1,1.0386740331491713,0.6519337016574586,3.69,2.99,0.79,55.0,0.95,38.0,3.16,17.0,2.37,2.21
CsVCl3,-1,1,Cs,V,Cl,1,2,-1,1.88,0.79,1.81,1.0,4.04,1,1,0.6,0,1.0386740331491713,0.43646408839779005,3.69,2.6,0.79,55.0,1.63,23.0,3.16,17.0,2.37,1.5300000000000002
KFeCl3,1,1,K,Fe,Cl,1,2,-1,1.64,0.78,1.81,0.94,4.15,1,1,0.55,1,0.9060773480662982,0.430939226519337,3.45,2.59,0.82,19.0,1.83,26.0,3.16,17.0,2.3400000000000003,1.33
RbFeCl3,-1,1,Rb,Fe,Cl,1,2,-1,1.72,0.78,1.81,0.96,4.11,1,1,0.57,0,0.9502762430939226,0.430939226519337,3.5300000000000002,2.59,0.82,37.0,1.83,26.0,3.16,17.0,2.3400000000000003,1.33
KMnCl3,1,1,K,Mn,Cl,1,2,-1,1.64,0.83,1.81,0.92,4.08,1,1,0.58,1,0.9060773480662982,0.45856353591160215,3.45,2.64,0.82,19.0,1.55,25.0,3.16,17.0,2.3400000000000003,1.61
KNiCl3,-1,1,K,Ni,Cl,1,2,-1,1.64,0.69,1.81,0.98,4.37,1,-1,0.44,0,0.9060773480662982,0.38121546961325964,3.45,2.5,0.82,19.0,1.91,28.0,3.16,17.0,2.3400000000000003,1.2500000000000002
KSmCl3,-1,1,K,Sm,Cl,1,2,-1,1.64,1.22,1.81,0.81,5.03,-1,-1,0.21,0,0.9060773480662982,0.6740331491712707,3.45,3.0300000000000002,0.82,19.0,1.17,62.0,3.16,17.0,2.3400000000000003,1.9900000000000002
LiMgCl3,-1,1,Li,Mg,Cl,1,2,-1,0.92,0.72,1.81,0.76,6.73,-1,-1,0.03,0,0.5082872928176796,0.39779005524861877,2.73,2.5300000000000002,0.98,3.0,1.31,12.0,3.16,17.0,2.18,1.85
LiNiCl3,-1,1,Li,Ni,Cl,1,2,-1,0.92,0.69,1.81,0.77,6.26,-1,-1,0.05,0,0.5082872928176796,0.38121546961325964,2.73,2.5,0.98,3.0,1.91,28.0,3.16,17.0,2.18,1.2500000000000002
PbLiCl3,-1,1,Pb,Li,Cl,2,1,-1,1.49,0.76,1.81,0.91,4.21,1,-1,0.52,0,0.8232044198895028,0.4198895027624309,3.3,2.5700000000000003,1.8,82.0,0.98,3.0,3.16,17.0,1.36,2.18
VLiCl3,-1,1,V,Li,Cl,2,1,-1,0.79,0.76,1.81,0.72,52.08,-1,-1,0.0,0,0.43646408839779005,0.4198895027624309,2.6,2.5700000000000003,1.63,23.0,0.98,3.0,3.16,17.0,1.5300000000000002,2.18
NaMnCl3,-1,1,Na,Mn,Cl,1,2,-1,1.39,0.83,1.81,0.86,4.43,1,-1,0.42,0,0.7679558011049723,0.45856353591160215,3.2,2.64,0.93,11.0,1.55,25.0,3.16,17.0,2.23,1.61
RbMnCl3,1,1,Rb,Mn,Cl,1,2,-1,1.72,0.83,1.81,0.95,4.02,1,1,0.61,1,0.9502762430939226,0.45856353591160215,3.5300000000000002,2.64,0.82,37.0,1.55,25.0,3.16,17.0,2.3400000000000003,1.61
NaNiCl3,-1,1,Na,Ni,Cl,1,2,-1,1.39,0.69,1.81,0.91,4.5,1,-1,0.39,0,0.7679558011049723,0.38121546961325964,3.2,2.5,0.93,11.0,1.91,28.0,3.16,17.0,2.23,1.2500000000000002
SnNaCl3,-1,1,Sn,Na,Cl,2,1,-1,1.15,1.02,1.81,0.74,16.57,-1,-1,0.0,0,0.6353591160220994,0.56353591160221,2.96,2.83,1.96,50.0,0.93,11.0,3.16,17.0,1.2000000000000002,2.23
NaZnCl3,-1,1,Na,Zn,Cl,1,2,-1,1.39,0.74,1.81,0.89,4.43,1,-1,0.42,0,0.7679558011049723,0.4088397790055249,3.2,2.55,0.93,11.0,1.65,30.0,3.16,17.0,2.23,1.5100000000000002
TlPbCl3,-1,1,Tl,Pb,Cl,1,2,-1,1.7,1.19,1.81,0.83,4.53,1,-1,0.37,0,0.9392265193370165,0.6574585635359116,3.51,3.0,1.8,81.0,1.8,82.0,3.16,17.0,1.36,1.36
RbSrCl3,-1,1,Rb,Sr,Cl,1,2,-1,1.72,1.18,1.81,0.83,4.4,1,-1,0.43,0,0.9502762430939226,0.6519337016574586,3.5300000000000002,2.99,0.82,37.0,0.95,38.0,3.16,17.0,2.3400000000000003,2.21
TlSrCl3,-1,1,Tl,Sr,Cl,1,2,-1,1.7,1.18,1.81,0.83,4.48,1,-1,0.39,0,0.9392265193370165,0.6519337016574586,3.51,2.99,1.8,81.0,0.95,38.0,3.16,17.0,1.36,2.21
TlZnCl3,-1,1,Tl,Zn,Cl,1,2,-1,1.7,0.74,1.81,0.97,4.21,1,-1,0.52,0,0.9392265193370165,0.4088397790055249,3.51,2.55,1.8,81.0,1.65,30.0,3.16,17.0,1.36,1.5100000000000002
DyCoO3,1,1,Dy,Co,O,3,3,-2,1.08,0.61,1.4,0.87,2.57,1,1,0.94,1,0.7714285714285716,0.4357142857142857,2.48,2.01,1.22,66.0,1.88,27.0,3.44,8.0,2.2199999999999998,1.56
KCoF3,1,1,K,Co,F,1,2,-1,1.64,0.74,1.33,1.01,3.58,1,1,0.78,1,1.2330827067669172,0.556390977443609,2.9699999999999998,2.0700000000000003,0.82,19.0,1.88,27.0,3.98,9.0,3.16,2.1
RbCoF3,1,1,Rb,Co,F,1,2,-1,1.72,0.74,1.33,1.04,3.54,1,1,0.79,1,1.2932330827067668,0.556390977443609,3.05,2.0700000000000003,0.82,37.0,1.88,27.0,3.98,9.0,3.16,2.1
TlCoF3,1,1,Tl,Co,F,1,2,-1,1.7,0.74,1.33,1.03,3.55,1,1,0.78,1,1.2781954887218043,0.556390977443609,3.0300000000000002,2.0700000000000003,1.8,81.0,1.88,27.0,3.98,9.0,2.1799999999999997,2.1
GdCoO3,1,1,Gd,Co,O,3,3,-2,1.11,0.61,1.4,0.88,2.43,1,1,0.95,1,0.7928571428571429,0.4357142857142857,2.51,2.01,1.2,64.0,1.88,27.0,3.44,8.0,2.24,1.56
HoCoO3,1,1,Ho,Co,O,3,3,-2,1.12,0.61,1.4,0.89,2.36,1,1,0.95,1,0.8000000000000002,0.4357142857142857,2.52,2.01,1.23,67.0,1.88,27.0,3.44,8.0,2.21,1.56
KCoI3,-1,1,K,Co,I,1,2,-1,1.64,0.74,2.2,0.92,4.74,1,-1,0.29,0,0.7454545454545454,0.3363636363636363,3.84,2.9400000000000004,0.82,19.0,1.88,27.0,2.66,53.0,1.8400000000000003,0.7800000000000002
LaCoO3,1,1,La,Co,O,3,3,-2,1.36,0.61,1.4,0.97,1.64,1,1,0.98,1,0.9714285714285715,0.4357142857142857,2.76,2.01,1.1,57.0,1.88,27.0,3.44,8.0,2.34,1.56
CoMnO3,-1,1,Co,Mn,O,2,4,-2,0.9,0.53,1.4,0.84,5.06,1,-1,0.21,0,0.6428571428571429,0.3785714285714286,2.3,1.93,1.88,27.0,1.55,25.0,3.44,8.0,1.56,1.89
NdCoO3,1,1,Nd,Co,O,3,3,-2,1.27,0.61,1.4,0.94,1.81,1,1,0.97,1,0.9071428571428573,0.4357142857142857,2.67,2.01,1.14,60.0,1.88,27.0,3.44,8.0,2.3,1.56
PrCoO3,1,1,Pr,Co,O,3,3,-2,1.18,0.61,1.4,0.91,2.09,1,1,0.96,1,0.8428571428571429,0.4357142857142857,2.58,2.01,1.13,59.0,1.88,27.0,3.44,8.0,2.31,1.56
CoSeO3,-1,1,Co,Se,O,2,4,-2,0.9,0.5,1.4,0.86,4.92,1,-1,0.24,0,0.6428571428571429,0.35714285714285715,2.3,1.9,1.88,27.0,2.55,34.0,3.44,8.0,1.56,0.8900000000000001
CoSiO3,-1,1,Co,Si,O,2,4,-2,0.9,0.4,1.4,0.9,5.05,1,-1,0.21,0,0.6428571428571429,0.28571428571428575,2.3,1.7999999999999998,1.88,27.0,1.9,14.0,3.44,8.0,1.56,1.54
SrCoO3,1,1,Sr,Co,O,2,4,-2,1.44,0.53,1.4,1.04,4.08,1,1,0.58,1,1.0285714285714287,0.3785714285714286,2.84,1.93,0.95,38.0,1.88,27.0,3.44,8.0,2.49,1.56
TeCoO3,-1,1,Te,Co,O,4,2,-2,0.97,0.74,1.4,0.78,5.61,-1,-1,0.11,0,0.6928571428571428,0.5285714285714286,2.37,2.1399999999999997,2.1,52.0,1.88,27.0,3.44,8.0,1.3399999999999999,1.56
CoTiO3,-1,1,Co,Ti,O,2,4,-2,0.9,0.6,1.4,0.81,5.81,-1,-1,0.09,0,0.6428571428571429,0.4285714285714286,2.3,2.0,1.88,27.0,1.54,22.0,3.44,8.0,1.56,1.9
YCoO3,1,1,Y,Co,O,3,3,-2,1.08,0.61,1.4,0.87,2.63,1,1,0.93,1,0.7714285714285716,0.4357142857142857,2.48,2.01,1.22,39.0,1.88,27.0,3.44,8.0,2.2199999999999998,1.56
DyCrO3,1,1,Dy,Cr,O,3,3,-2,1.08,0.62,1.4,0.87,2.61,1,1,0.93,1,0.7714285714285716,0.4428571428571429,2.48,2.02,1.22,66.0,1.66,24.0,3.44,8.0,2.2199999999999998,1.78
ErCrO3,1,1,Er,Cr,O,3,3,-2,1.06,0.62,1.4,0.86,2.76,1,1,0.92,1,0.7571428571428572,0.4428571428571429,2.46,2.02,1.24,68.0,1.66,24.0,3.44,8.0,2.2,1.78
KCrF3,1,1,K,Cr,F,1,2,-1,1.64,0.8,1.33,0.99,3.52,1,1,0.79,1,1.2330827067669172,0.6015037593984962,2.9699999999999998,2.13,0.82,19.0,1.66,24.0,3.98,9.0,3.16,2.3200000000000003
NaCrF3,1,1,Na,Cr,F,1,2,-1,1.39,0.8,1.33,0.9,3.81,1,1,0.7,1,1.045112781954887,0.6015037593984962,2.7199999999999998,2.13,0.93,11.0,1.66,24.0,3.98,9.0,3.05,2.3200000000000003
RbCrF3,1,1,Rb,Cr,F,1,2,-1,1.72,0.8,1.33,1.01,3.47,1,1,0.81,1,1.2932330827067668,0.6015037593984962,3.05,2.13,0.82,37.0,1.66,24.0,3.98,9.0,3.16,2.3200000000000003
GdCrO3,1,1,Gd,Cr,O,3,3,-2,1.11,0.62,1.4,0.88,2.46,1,1,0.94,1,0.7928571428571429,0.4428571428571429,2.51,2.02,1.2,64.0,1.66,24.0,3.44,8.0,2.24,1.78
LaCrO3,1,1,La,Cr,O,3,3,-2,1.36,0.62,1.4,0.97,1.64,1,1,0.98,1,0.9714285714285715,0.4428571428571429,2.76,2.02,1.1,57.0,1.66,24.0,3.44,8.0,2.34,1.78
LuCrO3,1,1,Lu,Cr,O,3,3,-2,1.03,0.62,1.4,0.85,3.0,1,1,0.89,1,0.7357142857142858,0.4428571428571429,2.4299999999999997,2.02,1.0,71.0,1.66,24.0,3.44,8.0,2.44,1.78
CrMoO3,-1,1,Cr,Mo,O,2,4,-2,0.8,0.65,1.4,0.76,10.01,-1,-1,0.0,0,0.5714285714285715,0.46428571428571436,2.2,2.05,1.66,24.0,2.16,42.0,3.44,8.0,1.78,1.2799999999999998
NdCrO3,1,1,Nd,Cr,O,3,3,-2,1.27,0.62,1.4,0.94,1.82,1,1,0.97,1,0.9071428571428573,0.4428571428571429,2.67,2.02,1.14,60.0,1.66,24.0,3.44,8.0,2.3,1.78
PrCrO3,1,1,Pr,Cr,O,3,3,-2,1.18,0.62,1.4,0.91,2.11,1,1,0.96,1,0.8428571428571429,0.4428571428571429,2.58,2.02,1.13,59.0,1.66,24.0,3.44,8.0,2.31,1.78
PuCrO3,1,1,Pu,Cr,O,4,2,-2,0.96,0.8,1.4,0.76,12.08,-1,-1,0.0,1,0.6857142857142857,0.5714285714285715,2.36,2.2,1.3,94.0,1.66,24.0,3.44,8.0,2.1399999999999997,1.78
ScCrO3,1,1,Sc,Cr,O,3,3,-2,0.87,0.62,1.4,0.8,5.51,-1,-1,0.12,1,0.6214285714285714,0.4428571428571429,2.27,2.02,1.36,21.0,1.66,24.0,3.44,8.0,2.08,1.78
TmCrO3,1,1,Tm,Cr,O,3,3,-2,1.05,0.62,1.4,0.86,2.84,1,1,0.91,1,0.7500000000000001,0.4428571428571429,2.45,2.02,1.25,69.0,1.66,24.0,3.44,8.0,2.19,1.78
VCrO3,-1,1,V,Cr,O,3,3,-2,0.64,0.62,1.4,0.72,71.63,-1,-1,0.0,0,0.4571428571428572,0.4428571428571429,2.04,2.02,1.63,23.0,1.66,24.0,3.44,8.0,1.81,1.78
YCrO3,1,1,Y,Cr,O,3,3,-2,1.08,0.62,1.4,0.87,2.67,1,1,0.93,1,0.7714285714285716,0.4428571428571429,2.48,2.02,1.22,39.0,1.66,24.0,3.44,8.0,2.2199999999999998,1.78
CsDyI3,1,1,Cs,Dy,I,1,2,-1,1.88,1.07,2.2,0.88,4.17,1,1,0.54,1,0.8545454545454544,0.48636363636363633,4.08,3.2700000000000005,0.79,55.0,1.22,66.0,2.66,53.0,1.87,1.4400000000000002
CsMgF3,1,1,Cs,Mg,F,1,2,-1,1.88,0.72,1.33,1.11,3.57,-1,1,0.78,1,1.413533834586466,0.5413533834586466,3.21,2.05,0.79,55.0,1.31,12.0,3.98,9.0,3.19,2.67
CsMnF3,-1,1,Cs,Mn,F,1,2,-1,1.88,0.83,1.33,1.05,3.37,1,1,0.83,0,1.413533834586466,0.6240601503759398,3.21,2.16,0.79,55.0,1.55,25.0,3.98,9.0,3.19,2.4299999999999997
CsGeI3,-1,1,Cs,Ge,I,1,2,-1,1.88,0.73,2.2,0.98,4.74,1,-1,0.3,0,0.8545454545454544,0.3318181818181818,4.08,2.93,0.79,55.0,2.01,32.0,2.66,53.0,1.87,0.6500000000000004
CsMgI3,-1,1,Cs,Mg,I,1,2,-1,1.88,0.72,2.2,0.99,4.78,1,-1,0.28,0,0.8545454545454544,0.3272727272727272,4.08,2.92,0.79,55.0,1.31,12.0,2.66,53.0,1.87,1.35
CsMnI3,-1,1,Cs,Mn,I,1,2,-1,1.88,0.83,2.2,0.95,4.42,1,-1,0.42,0,0.8545454545454544,0.3772727272727272,4.08,3.0300000000000002,0.79,55.0,1.55,25.0,2.66,53.0,1.87,1.11
CsNiI3,-1,1,Cs,Ni,I,1,2,-1,1.88,0.69,2.2,1.0,4.91,1,-1,0.24,0,0.8545454545454544,0.3136363636363636,4.08,2.89,0.79,55.0,1.91,28.0,2.66,53.0,1.87,0.7500000000000002
CsPbI3,1,1,Cs,Pb,I,1,2,-1,1.88,1.19,2.2,0.85,4.3,1,-1,0.47,1,0.8545454545454544,0.5409090909090909,4.08,3.39,0.79,55.0,1.8,82.0,2.66,53.0,1.87,0.8600000000000001
CsSnI3,1,1,Cs,Sn,I,1,2,-1,1.88,1.15,2.2,0.86,4.24,1,-1,0.5,1,0.8545454545454544,0.5227272727272726,4.08,3.35,0.79,55.0,1.96,50.0,2.66,53.0,1.87,0.7000000000000002
CsSrI3,-1,1,Cs,Sr,I,1,2,-1,1.88,1.18,2.2,0.85,4.29,1,-1,0.48,0,0.8545454545454544,0.5363636363636363,4.08,3.38,0.79,55.0,0.95,38.0,2.66,53.0,1.87,1.7100000000000002
CsTiI3,-1,1,Cs,Ti,I,1,2,-1,1.88,0.86,2.2,0.94,4.35,1,-1,0.45,0,0.8545454545454544,0.3909090909090909,4.08,3.06,0.79,55.0,1.54,22.0,2.66,53.0,1.87,1.12
CsTmI3,1,1,Cs,Tm,I,1,2,-1,1.88,1.03,2.2,0.89,4.17,1,1,0.54,1,0.8545454545454544,0.46818181818181814,4.08,3.2300000000000004,0.79,55.0,1.25,69.0,2.66,53.0,1.87,1.4100000000000001
CsVI3,-1,1,Cs,V,I,1,2,-1,1.88,0.79,2.2,0.96,4.53,1,-1,0.37,0,0.8545454545454544,0.35909090909090907,4.08,2.99,0.79,55.0,1.63,23.0,2.66,53.0,1.87,1.0300000000000002
CsNbO3,-1,1,Cs,Nb,O,1,5,-2,1.88,0.64,1.4,1.14,3.91,-1,1,0.66,0,1.342857142857143,0.4571428571428572,3.28,2.04,0.79,55.0,1.6,41.0,3.44,8.0,2.65,1.8399999999999999
CsVO3,-1,1,Cs,V,O,1,5,-2,1.88,0.54,1.4,1.2,4.38,-1,-1,0.44,0,1.342857142857143,0.3857142857142858,3.28,1.94,0.79,55.0,1.63,23.0,3.44,8.0,2.65,1.81
KCuF3,1,1,K,Cu,F,1,2,-1,1.64,0.73,1.33,1.02,3.6,1,1,0.77,1,1.2330827067669172,0.5488721804511277,2.9699999999999998,2.06,0.82,19.0,1.9,29.0,3.98,9.0,3.16,2.08
RbCuF3,1,1,Rb,Cu,F,1,2,-1,1.72,0.73,1.33,1.05,3.57,1,1,0.78,1,1.2932330827067668,0.5488721804511277,3.05,2.06,0.82,37.0,1.9,29.0,3.98,9.0,3.16,2.08
TlCuF3,1,1,Tl,Cu,F,1,2,-1,1.7,0.73,1.33,1.04,3.58,1,1,0.78,1,1.2781954887218043,0.5488721804511277,3.0300000000000002,2.06,1.8,81.0,1.9,29.0,3.98,9.0,2.1799999999999997,2.08
CuGeO3,-1,1,Cu,Ge,O,2,4,-2,0.73,0.53,1.4,0.78,7.25,-1,-1,0.02,0,0.5214285714285715,0.3785714285714286,2.13,1.93,1.9,29.0,2.01,32.0,3.44,8.0,1.54,1.4300000000000002
LaCuO3,1,1,La,Cu,O,3,3,-2,1.36,0.54,1.4,1.01,1.77,1,1,0.97,1,0.9714285714285715,0.3857142857142858,2.76,1.94,1.1,57.0,1.9,29.0,3.44,8.0,2.34,1.54
CuNbO3,-1,1,Cu,Nb,O,1,5,-2,0.77,0.64,1.4,0.75,7.69,-1,-1,0.01,0,0.55,0.4571428571428572,2.17,2.04,1.9,29.0,1.6,41.0,3.44,8.0,1.54,1.8399999999999999
CuVO3,-1,1,Cu,V,O,1,5,-2,0.77,0.54,1.4,0.79,5.61,-1,-1,0.11,0,0.55,0.3857142857142858,2.17,1.94,1.9,29.0,1.63,23.0,3.44,8.0,1.54,1.81
DyFeO3,1,1,Dy,Fe,O,3,3,-2,1.08,0.64,1.4,0.86,2.89,1,1,0.91,1,0.7714285714285716,0.4571428571428572,2.48,2.04,1.22,66.0,1.83,26.0,3.44,8.0,2.2199999999999998,1.6099999999999999
RbDyI3,1,1,Rb,Dy,I,1,2,-1,1.72,1.07,2.2,0.85,4.44,1,-1,0.41,1,0.7818181818181817,0.48636363636363633,3.92,3.2700000000000005,0.82,37.0,1.22,66.0,2.66,53.0,1.8400000000000003,1.4400000000000002
DyMnO3,1,1,Dy,Mn,O,3,3,-2,1.08,0.64,1.4,0.86,2.89,1,1,0.91,1,0.7714285714285716,0.4571428571428572,2.48,2.04,1.22,66.0,1.55,25.0,3.44,8.0,2.2199999999999998,1.89
DyNiO3,1,1,Dy,Ni,O,3,3,-2,1.08,0.6,1.4,0.88,2.5,1,1,0.94,1,0.7714285714285716,0.4285714285714286,2.48,2.0,1.22,66.0,1.91,28.0,3.44,8.0,2.2199999999999998,1.53
DyRhO3,1,1,Dy,Rh,O,3,3,-2,1.08,0.66,1.4,0.85,3.12,1,1,0.88,1,0.7714285714285716,0.4714285714285715,2.48,2.06,1.22,66.0,2.28,45.0,3.44,8.0,2.2199999999999998,1.1600000000000001
DyTiO3,1,1,Dy,Ti,O,3,3,-2,1.08,0.67,1.4,0.85,3.19,1,1,0.86,1,0.7714285714285716,0.47857142857142865,2.48,2.07,1.22,66.0,1.54,22.0,3.44,8.0,2.2199999999999998,1.9
DyVO3,1,1,Dy,V,O,3,3,-2,1.08,0.64,1.4,0.86,2.84,1,1,0.91,1,0.7714285714285716,0.4571428571428572,2.48,2.04,1.22,66.0,1.63,23.0,3.44,8.0,2.2199999999999998,1.81
ErFeO3,1,1,Er,Fe,O,3,3,-2,1.06,0.64,1.4,0.85,3.08,1,1,0.88,1,0.7571428571428572,0.4571428571428572,2.46,2.04,1.24,68.0,1.83,26.0,3.44,8.0,2.2,1.6099999999999999
ErMnO3,1,1,Er,Mn,O,3,3,-2,1.06,0.64,1.4,0.85,3.08,1,1,0.88,1,0.7571428571428572,0.4571428571428572,2.46,2.04,1.24,68.0,1.55,25.0,3.44,8.0,2.2,1.89
ErNiO3,1,1,Er,Ni,O,3,3,-2,1.06,0.6,1.4,0.87,2.63,1,1,0.93,1,0.7571428571428572,0.4285714285714286,2.46,2.0,1.24,68.0,1.91,28.0,3.44,8.0,2.2,1.53
ErTiO3,1,1,Er,Ti,O,3,3,-2,1.06,0.67,1.4,0.84,3.41,1,1,0.82,1,0.7571428571428572,0.47857142857142865,2.46,2.07,1.24,68.0,1.54,22.0,3.44,8.0,2.2,1.9
ErVO3,1,1,Er,V,O,3,3,-2,1.06,0.64,1.4,0.85,3.02,1,1,0.89,1,0.7571428571428572,0.4571428571428572,2.46,2.04,1.24,68.0,1.63,23.0,3.44,8.0,2.2,1.81
KFeF3,1,1,K,Fe,F,1,2,-1,1.64,0.78,1.33,1.0,3.53,1,1,0.79,1,1.2330827067669172,0.5864661654135338,2.9699999999999998,2.1100000000000003,0.82,19.0,1.83,26.0,3.98,9.0,3.16,2.15
NaFeF3,1,1,Na,Fe,F,1,2,-1,1.39,0.78,1.33,0.91,3.79,1,1,0.71,1,1.045112781954887,0.5864661654135338,2.7199999999999998,2.1100000000000003,0.93,11.0,1.83,26.0,3.98,9.0,3.05,2.15
TlFeF3,1,1,Tl,Fe,F,1,2,-1,1.7,0.78,1.33,1.02,3.5,1,1,0.8,1,1.2781954887218043,0.5864661654135338,3.0300000000000002,2.1100000000000003,1.8,81.0,1.83,26.0,3.98,9.0,2.1799999999999997,2.15
KHgF3,1,1,K,Hg,F,1,2,-1,1.64,1.02,1.33,0.89,3.69,1,1,0.74,1,1.2330827067669172,0.7669172932330827,2.9699999999999998,2.35,0.82,19.0,1.9,80.0,3.98,9.0,3.16,2.08
KMgF3,1,1,K,Mg,F,1,2,-1,1.64,0.72,1.33,1.02,3.61,1,1,0.77,1,1.2330827067669172,0.5413533834586466,2.9699999999999998,2.05,0.82,19.0,1.31,12.0,3.98,9.0,3.16,2.67
KMnF3,1,1,K,Mn,F,1,2,-1,1.64,0.83,1.33,0.97,3.5,1,1,0.8,1,1.2330827067669172,0.6240601503759398,2.9699999999999998,2.16,0.82,19.0,1.55,25.0,3.98,9.0,3.16,2.4299999999999997
KNiF3,1,1,K,Ni,F,1,2,-1,1.64,0.69,1.33,1.04,3.67,1,1,0.75,1,1.2330827067669172,0.5187969924812029,2.9699999999999998,2.02,0.82,19.0,1.91,28.0,3.98,9.0,3.16,2.0700000000000003
KVF3,1,1,K,V,F,1,2,-1,1.64,0.79,1.33,0.99,3.53,1,1,0.79,1,1.2330827067669172,0.5939849624060151,2.9699999999999998,2.12,0.82,19.0,1.63,23.0,3.98,9.0,3.16,2.35
KZnF3,1,1,K,Zn,F,1,2,-1,1.64,0.74,1.33,1.01,3.58,1,1,0.78,1,1.2330827067669172,0.556390977443609,2.9699999999999998,2.0700000000000003,0.82,19.0,1.65,30.0,3.98,9.0,3.16,2.33
LiMgF3,-1,1,Li,Mg,F,1,2,-1,0.92,0.72,1.33,0.78,6.06,-1,-1,0.07,0,0.6917293233082706,0.5413533834586466,2.25,2.05,0.98,3.0,1.31,12.0,3.98,9.0,3.0,2.67
MnLiF3,-1,1,Mn,Li,F,2,1,-1,0.96,0.76,1.33,0.77,8.56,-1,-1,0.0,0,0.7218045112781954,0.5714285714285714,2.29,2.09,1.55,25.0,0.98,3.0,3.98,9.0,2.4299999999999997,3.0
PbLiF3,-1,1,Pb,Li,F,2,1,-1,1.49,0.76,1.33,0.95,3.57,1,1,0.78,0,1.1203007518796992,0.5714285714285714,2.8200000000000003,2.09,1.8,82.0,0.98,3.0,3.98,9.0,2.1799999999999997,3.0
LiZnF3,-1,1,Li,Zn,F,1,2,-1,0.92,0.74,1.33,0.77,6.51,-1,-1,0.04,0,0.6917293233082706,0.556390977443609,2.25,2.0700000000000003,0.98,3.0,1.65,30.0,3.98,9.0,3.0,2.33
NaMgF3,1,1,Na,Mg,F,1,2,-1,1.39,0.72,1.33,0.94,3.78,1,1,0.71,1,1.045112781954887,0.5413533834586466,2.7199999999999998,2.05,0.93,11.0,1.31,12.0,3.98,9.0,3.05,2.67
NaMnF3,1,1,Na,Mn,F,1,2,-1,1.39,0.83,1.33,0.89,3.85,1,1,0.68,1,1.045112781954887,0.6240601503759398,2.7199999999999998,2.16,0.93,11.0,1.55,25.0,3.98,9.0,3.05,2.4299999999999997
RbMnF3,1,1,Rb,Mn,F,1,2,-1,1.72,0.83,1.33,1.0,3.45,1,1,0.81,1,1.2932330827067668,0.6240601503759398,3.05,2.16,0.82,37.0,1.55,25.0,3.98,9.0,3.16,2.4299999999999997
TlMnF3,1,1,Tl,Mn,F,1,2,-1,1.7,0.83,1.33,0.99,3.46,1,1,0.81,1,1.2781954887218043,0.6240601503759398,3.0300000000000002,2.16,1.8,81.0,1.55,25.0,3.98,9.0,2.1799999999999997,2.4299999999999997
NaNiF3,1,1,Na,Ni,F,1,2,-1,1.39,0.69,1.33,0.95,3.8,1,1,0.7,1,1.045112781954887,0.5187969924812029,2.7199999999999998,2.02,0.93,11.0,1.91,28.0,3.98,9.0,3.05,2.0700000000000003
PbNaF3,-1,1,Pb,Na,F,2,1,-1,1.49,1.02,1.33,0.85,5.01,1,-1,0.22,0,1.1203007518796992,0.7669172932330827,2.8200000000000003,2.35,1.8,82.0,0.93,11.0,3.98,9.0,2.1799999999999997,3.05
NaZnF3,1,1,Na,Zn,F,1,2,-1,1.39,0.74,1.33,0.93,3.78,1,1,0.71,1,1.045112781954887,0.556390977443609,2.7199999999999998,2.0700000000000003,0.93,11.0,1.65,30.0,3.98,9.0,3.05,2.33
RbPbF3,1,1,Rb,Pb,F,1,2,-1,1.72,1.19,1.33,0.86,4.04,1,1,0.6,1,1.2932330827067668,0.894736842105263,3.05,2.52,0.82,37.0,1.8,82.0,3.98,9.0,3.16,2.1799999999999997
RbSrF3,-1,1,Rb,Sr,F,1,2,-1,1.72,1.18,1.33,0.86,4.0,1,1,0.62,0,1.2932330827067668,0.8872180451127819,3.05,2.51,0.82,37.0,0.95,38.0,3.98,9.0,3.16,3.0300000000000002
RbVF3,1,1,Rb,V,F,1,2,-1,1.72,0.79,1.33,1.02,3.48,1,1,0.8,1,1.2932330827067668,0.5939849624060151,3.05,2.12,0.82,37.0,1.63,23.0,3.98,9.0,3.16,2.35
RbZnF3,1,1,Rb,Zn,F,1,2,-1,1.72,0.74,1.33,1.04,3.55,1,1,0.78,1,1.2932330827067668,0.556390977443609,3.05,2.0700000000000003,0.82,37.0,1.65,30.0,3.98,9.0,3.16,2.33
FeGaO3,-1,1,Fe,Ga,O,3,3,-2,0.78,0.62,1.4,0.76,9.7,-1,-1,0.0,0,0.5571428571428572,0.4428571428571429,2.1799999999999997,2.02,1.83,26.0,1.81,31.0,3.44,8.0,1.6099999999999999,1.63
GdFeO3,1,1,Gd,Fe,O,3,3,-2,1.11,0.64,1.4,0.87,2.7,1,1,0.92,1,0.7928571428571429,0.4571428571428572,2.51,2.04,1.2,64.0,1.83,26.0,3.44,8.0,2.24,1.6099999999999999
HoFeO3,1,1,Ho,Fe,O,3,3,-2,1.12,0.64,1.4,0.87,2.61,1,1,0.93,1,0.8000000000000002,0.4571428571428572,2.52,2.04,1.23,67.0,1.83,26.0,3.44,8.0,2.21,1.6099999999999999
TlFeI3,-1,1,Tl,Fe,I,1,2,-1,1.7,0.78,2.2,0.93,4.62,1,-1,0.34,0,0.7727272727272726,0.35454545454545455,3.9000000000000004,2.9800000000000004,1.8,81.0,1.83,26.0,2.66,53.0,0.8600000000000001,0.8300000000000001
InFeO3,-1,1,In,Fe,O,3,3,-2,0.92,0.64,1.4,0.8,5.22,-1,-1,0.17,0,0.6571428571428573,0.4571428571428572,2.32,2.04,1.78,49.0,1.83,26.0,3.44,8.0,1.66,1.6099999999999999
LaFeO3,1,1,La,Fe,O,3,3,-2,1.36,0.64,1.4,0.95,1.65,1,1,0.98,1,0.9714285714285715,0.4571428571428572,2.76,2.04,1.1,57.0,1.83,26.0,3.44,8.0,2.34,1.6099999999999999
FeMnO3,-1,1,Fe,Mn,O,2,4,-2,0.92,0.53,1.4,0.85,4.94,1,-1,0.24,0,0.6571428571428573,0.3785714285714286,2.32,1.93,1.83,26.0,1.55,25.0,3.44,8.0,1.6099999999999999,1.89
PrFeO3,1,1,Pr,Fe,O,3,3,-2,1.18,0.64,1.4,0.89,2.26,1,1,0.95,1,0.8428571428571429,0.4571428571428572,2.58,2.04,1.13,59.0,1.83,26.0,3.44,8.0,2.31,1.6099999999999999
FeSO3,-1,1,Fe,S,O,2,4,-2,0.92,0.37,1.4,0.93,5.24,1,-1,0.17,0,0.6571428571428573,0.2642857142857143,2.32,1.77,1.83,26.0,2.58,16.0,3.44,8.0,1.6099999999999999,0.8599999999999999
FeSiO3,-1,1,Fe,Si,O,2,4,-2,0.92,0.4,1.4,0.91,5.02,1,-1,0.21,0,0.6571428571428573,0.28571428571428575,2.32,1.7999999999999998,1.83,26.0,1.9,14.0,3.44,8.0,1.6099999999999999,1.54
SmFeO3,1,1,Sm,Fe,O,3,3,-2,1.24,0.64,1.4,0.91,1.99,1,1,0.97,1,0.8857142857142858,0.4571428571428572,2.6399999999999997,2.04,1.17,62.0,1.83,26.0,3.44,8.0,2.27,1.6099999999999999
FeTiO3,-1,1,Fe,Ti,O,2,4,-2,0.92,0.6,1.4,0.82,5.57,-1,-1,0.12,0,0.6571428571428573,0.4285714285714286,2.32,2.0,1.83,26.0,1.54,22.0,3.44,8.0,1.6099999999999999,1.9
TmFeO3,1,1,Tm,Fe,O,3,3,-2,1.05,0.64,1.4,0.85,3.17,1,1,0.87,1,0.7500000000000001,0.4571428571428572,2.45,2.04,1.25,69.0,1.83,26.0,3.44,8.0,2.19,1.6099999999999999
YFeO3,1,1,Y,Fe,O,3,3,-2,1.08,0.64,1.4,0.86,2.96,1,1,0.9,1,0.7714285714285716,0.4571428571428572,2.48,2.04,1.22,39.0,1.83,26.0,3.44,8.0,2.2199999999999998,1.6099999999999999
GdGaO3,1,1,Gd,Ga,O,3,3,-2,1.11,0.62,1.4,0.88,2.5,1,1,0.94,1,0.7928571428571429,0.4428571428571429,2.51,2.02,1.2,64.0,1.81,31.0,3.44,8.0,2.24,1.63
InGaO3,-1,1,In,Ga,O,3,3,-2,0.92,0.62,1.4,0.81,4.54,-1,-1,0.37,0,0.6571428571428573,0.4428571428571429,2.32,2.02,1.78,49.0,1.81,31.0,3.44,8.0,1.66,1.63
LaGaO3,1,1,La,Ga,O,3,3,-2,1.36,0.62,1.4,0.97,1.64,1,1,0.98,1,0.9714285714285715,0.4428571428571429,2.76,2.02,1.1,57.0,1.81,31.0,3.44,8.0,2.34,1.63
NdGaO3,1,1,Nd,Ga,O,3,3,-2,1.27,0.62,1.4,0.93,1.83,1,1,0.97,1,0.9071428571428573,0.4428571428571429,2.67,2.02,1.14,60.0,1.81,31.0,3.44,8.0,2.3,1.63
PrGaO3,1,1,Pr,Ga,O,3,3,-2,1.18,0.62,1.4,0.9,2.13,1,1,0.96,1,0.8428571428571429,0.4428571428571429,2.58,2.02,1.13,59.0,1.81,31.0,3.44,8.0,2.31,1.63
YGaO3,1,1,Y,Ga,O,3,3,-2,1.08,0.62,1.4,0.87,2.71,1,1,0.92,1,0.7714285714285716,0.4428571428571429,2.48,2.02,1.22,39.0,1.81,31.0,3.44,8.0,2.2199999999999998,1.63
GdMnO3,1,1,Gd,Mn,O,3,3,-2,1.11,0.64,1.4,0.87,2.7,1,1,0.92,1,0.7928571428571429,0.4571428571428572,2.51,2.04,1.2,64.0,1.55,25.0,3.44,8.0,2.24,1.89
GdNiO3,1,1,Gd,Ni,O,3,3,-2,1.11,0.6,1.4,0.89,2.37,1,1,0.95,1,0.7928571428571429,0.4285714285714286,2.51,2.0,1.2,64.0,1.91,28.0,3.44,8.0,2.24,1.53
GdScO3,1,1,Gd,Sc,O,3,3,-2,1.11,0.74,1.4,0.83,4.14,1,1,0.55,1,0.7928571428571429,0.5285714285714286,2.51,2.1399999999999997,1.2,64.0,1.36,21.0,3.44,8.0,2.24,2.08
GdTiO3,1,1,Gd,Ti,O,3,3,-2,1.11,0.67,1.4,0.86,2.96,1,1,0.9,1,0.7928571428571429,0.47857142857142865,2.51,2.07,1.2,64.0,1.54,22.0,3.44,8.0,2.24,1.9
GdVO3,1,1,Gd,V,O,3,3,-2,1.11,0.64,1.4,0.87,2.66,1,1,0.93,1,0.7928571428571429,0.4571428571428572,2.51,2.04,1.2,64.0,1.63,23.0,3.44,8.0,2.24,1.81
RbGeI3,-1,1,Rb,Ge,I,1,2,-1,1.72,0.73,2.2,0.95,4.76,1,-1,0.29,0,0.7818181818181817,0.3318181818181818,3.92,2.93,0.82,37.0,2.01,32.0,2.66,53.0,1.8400000000000003,0.6500000000000004
TlGeI3,-1,1,Tl,Ge,I,1,2,-1,1.7,0.73,2.2,0.94,4.77,1,-1,0.29,0,0.7727272727272726,0.3318181818181818,3.9000000000000004,2.93,1.8,81.0,2.01,32.0,2.66,53.0,0.8600000000000001,0.6500000000000004
MgGeO3,-1,1,Mg,Ge,O,2,4,-2,0.89,0.53,1.4,0.84,5.12,1,-1,0.19,0,0.6357142857142858,0.3785714285714286,2.29,1.93,1.31,12.0,2.01,32.0,3.44,8.0,2.13,1.4300000000000002
GeMnO3,-1,1,Ge,Mn,O,2,4,-2,0.73,0.53,1.4,0.78,7.25,-1,-1,0.02,0,0.5214285714285715,0.3785714285714286,2.13,1.93,2.01,32.0,1.55,25.0,3.44,8.0,1.4300000000000002,1.89
PbGeO3,1,1,Pb,Ge,O,2,4,-2,1.49,0.53,1.4,1.06,4.08,1,1,0.58,1,1.0642857142857143,0.3785714285714286,2.8899999999999997,1.93,1.8,82.0,2.01,32.0,3.44,8.0,1.64,1.4300000000000002
SrGeO3,1,1,Sr,Ge,O,2,4,-2,1.44,0.53,1.4,1.04,4.08,1,1,0.58,1,1.0285714285714287,0.3785714285714286,2.84,1.93,0.95,38.0,2.01,32.0,3.44,8.0,2.49,1.4300000000000002
PbHfO3,1,1,Pb,Hf,O,2,4,-2,1.49,0.71,1.4,0.97,3.63,1,1,0.76,1,1.0642857142857143,0.5071428571428571,2.8899999999999997,2.11,1.8,82.0,1.3,72.0,3.44,8.0,1.64,2.1399999999999997
SrHfO3,1,1,Sr,Hf,O,2,4,-2,1.44,0.71,1.4,0.95,3.71,1,1,0.73,1,1.0285714285714287,0.5071428571428571,2.84,2.11,0.95,38.0,1.3,72.0,3.44,8.0,2.49,2.1399999999999997
NaHgI3,-1,1,Na,Hg,I,1,2,-1,1.39,1.02,2.2,0.79,5.56,-1,-1,0.12,0,0.6318181818181817,0.4636363636363636,3.59,3.22,0.93,11.0,1.9,80.0,2.66,53.0,1.73,0.7600000000000002
HgSeO3,-1,1,Hg,Se,O,2,4,-2,1.14,0.5,1.4,0.95,4.33,1,-1,0.46,0,0.8142857142857143,0.35714285714285715,2.54,1.9,1.9,80.0,2.55,34.0,3.44,8.0,1.54,0.8900000000000001
HgTiO3,1,1,Hg,Ti,O,2,4,-2,1.14,0.6,1.4,0.9,4.26,1,-1,0.49,1,0.8142857142857143,0.4285714285714286,2.54,2.0,1.9,80.0,1.54,22.0,3.44,8.0,1.54,1.9
HoNiO3,1,1,Ho,Ni,O,3,3,-2,1.12,0.6,1.4,0.89,2.31,1,1,0.95,1,0.8000000000000002,0.4285714285714286,2.52,2.0,1.23,67.0,1.91,28.0,3.44,8.0,2.21,1.53
HoScO3,1,1,Ho,Sc,O,3,3,-2,1.12,0.74,1.4,0.83,3.94,1,1,0.64,1,0.8000000000000002,0.5285714285714286,2.52,2.1399999999999997,1.23,67.0,1.36,21.0,3.44,8.0,2.21,2.08
HoTiO3,1,1,Ho,Ti,O,3,3,-2,1.12,0.67,1.4,0.86,2.85,1,1,0.91,1,0.8000000000000002,0.47857142857142865,2.52,2.07,1.23,67.0,1.54,22.0,3.44,8.0,2.21,1.9
ILiO3,-1,1,I,Li,O,5,1,-2,0.95,0.76,1.4,0.77,4.85,-1,-1,0.26,0,0.6785714285714286,0.5428571428571429,2.3499999999999996,2.16,2.66,53.0,0.98,3.0,3.44,8.0,0.7799999999999998,2.46
NaIO3,1,1,Na,I,O,1,5,-2,1.39,0.95,1.4,0.84,4.32,1,-1,0.47,1,0.9928571428571429,0.6785714285714286,2.79,2.3499999999999996,0.93,11.0,2.66,53.0,3.44,8.0,2.51,0.7799999999999998
TlIO3,1,1,Tl,I,O,1,5,-2,1.7,0.95,1.4,0.93,3.55,1,1,0.78,1,1.2142857142857144,0.6785714285714286,3.0999999999999996,2.3499999999999996,1.8,81.0,2.66,53.0,3.44,8.0,1.64,0.7799999999999998
KMgI3,-1,1,K,Mg,I,1,2,-1,1.64,0.72,2.2,0.93,4.82,1,-1,0.27,0,0.7454545454545454,0.3272727272727272,3.84,2.92,0.82,19.0,1.31,12.0,2.66,53.0,1.8400000000000003,1.35
KMnI3,-1,1,K,Mn,I,1,2,-1,1.64,0.83,2.2,0.9,4.55,1,-1,0.36,0,0.7454545454545454,0.3772727272727272,3.84,3.0300000000000002,0.82,19.0,1.55,25.0,2.66,53.0,1.8400000000000003,1.11
KTiI3,-1,1,K,Ti,I,1,2,-1,1.64,0.86,2.2,0.89,4.51,1,-1,0.38,0,0.7454545454545454,0.3909090909090909,3.84,3.06,0.82,19.0,1.54,22.0,2.66,53.0,1.8400000000000003,1.12
KTmI3,-1,1,K,Tm,I,1,2,-1,1.64,1.03,2.2,0.84,4.56,1,-1,0.36,0,0.7454545454545454,0.46818181818181814,3.84,3.2300000000000004,0.82,19.0,1.25,69.0,2.66,53.0,1.8400000000000003,1.4100000000000001
LiMgI3,-1,1,Li,Mg,I,1,2,-1,0.92,0.72,2.2,0.76,7.27,-1,-1,0.02,0,0.41818181818181815,0.3272727272727272,3.12,2.92,0.98,3.0,1.31,12.0,2.66,53.0,1.6800000000000002,1.35
NaMgI3,-1,1,Na,Mg,I,1,2,-1,1.39,0.72,2.2,0.87,4.99,1,-1,0.22,0,0.6318181818181817,0.3272727272727272,3.59,2.92,0.93,11.0,1.31,12.0,2.66,53.0,1.73,1.35
RbMgI3,-1,1,Rb,Mg,I,1,2,-1,1.72,0.72,2.2,0.95,4.8,1,-1,0.28,0,0.7818181818181817,0.3272727272727272,3.92,2.92,0.82,37.0,1.31,12.0,2.66,53.0,1.8400000000000003,1.35
RbMnI3,-1,1,Rb,Mn,I,1,2,-1,1.72,0.83,2.2,0.91,4.49,1,-1,0.39,0,0.7818181818181817,0.3772727272727272,3.92,3.0300000000000002,0.82,37.0,1.55,25.0,2.66,53.0,1.8400000000000003,1.11
TlMnI3,-1,1,Tl,Mn,I,1,2,-1,1.7,0.83,2.2,0.91,4.51,1,-1,0.38,0,0.7727272727272726,0.3772727272727272,3.9000000000000004,3.0300000000000002,1.8,81.0,1.55,25.0,2.66,53.0,0.8600000000000001,1.11
TlPbI3,-1,1,Tl,Pb,I,1,2,-1,1.7,1.19,2.2,0.81,4.85,-1,-1,0.26,0,0.7727272727272726,0.5409090909090909,3.9000000000000004,3.39,1.8,81.0,1.8,82.0,2.66,53.0,0.8600000000000001,0.8600000000000001
RbSnI3,-1,1,Rb,Sn,I,1,2,-1,1.72,1.15,2.2,0.83,4.63,1,-1,0.33,0,0.7818181818181817,0.5227272727272726,3.92,3.35,0.82,37.0,1.96,50.0,2.66,53.0,1.8400000000000003,0.7000000000000002
RbTiI3,-1,1,Rb,Ti,I,1,2,-1,1.72,0.86,2.2,0.91,4.44,1,-1,0.41,0,0.7818181818181817,0.3909090909090909,3.92,3.06,0.82,37.0,1.54,22.0,2.66,53.0,1.8400000000000003,1.12
RbTmI3,1,1,Rb,Tm,I,1,2,-1,1.72,1.03,2.2,0.86,4.39,1,-1,0.43,1,0.7818181818181817,0.46818181818181814,3.92,3.2300000000000004,0.82,37.0,1.25,69.0,2.66,53.0,1.8400000000000003,1.4100000000000001
RbVI3,-1,1,Rb,V,I,1,2,-1,1.72,0.79,2.2,0.93,4.58,1,-1,0.35,0,0.7818181818181817,0.35909090909090907,3.92,2.99,0.82,37.0,1.63,23.0,2.66,53.0,1.8400000000000003,1.0300000000000002
LaInO3,1,1,La,In,O,3,3,-2,1.36,0.8,1.4,0.89,2.36,1,1,0.95,1,0.9714285714285715,0.5714285714285715,2.76,2.2,1.1,57.0,1.78,49.0,3.44,8.0,2.34,1.66
InMnO3,-1,1,In,Mn,O,3,3,-2,0.92,0.64,1.4,0.8,5.22,-1,-1,0.17,0,0.6571428571428573,0.4571428571428572,2.32,2.04,1.78,49.0,1.55,25.0,3.44,8.0,1.66,1.89
NdInO3,1,1,Nd,In,O,3,3,-2,1.27,0.8,1.4,0.86,3.05,1,1,0.89,1,0.9071428571428573,0.5714285714285715,2.67,2.2,1.14,60.0,1.78,49.0,3.44,8.0,2.3,1.66
SmInO3,1,1,Sm,In,O,3,3,-2,1.24,0.8,1.4,0.85,3.36,1,1,0.83,1,0.8857142857142858,0.5714285714285715,2.6399999999999997,2.2,1.17,62.0,1.78,49.0,3.44,8.0,2.27,1.66
SrIrO3,1,1,Sr,Ir,O,2,4,-2,1.44,0.62,1.4,0.99,3.76,1,1,0.72,1,1.0285714285714287,0.4428571428571429,2.84,2.02,0.95,38.0,2.2,77.0,3.44,8.0,2.49,1.2399999999999998
KNO3,-1,1,K,N,O,1,5,-2,1.64,0.13,1.4,1.4,14.75,-1,-1,0.0,0,1.1714285714285715,0.09285714285714286,3.04,1.5299999999999998,0.82,19.0,3.04,7.0,3.44,8.0,2.62,0.3999999999999999
KNbO3,1,1,K,Nb,O,1,5,-2,1.64,0.64,1.4,1.05,3.91,1,1,0.66,1,1.1714285714285715,0.4571428571428572,3.04,2.04,0.82,19.0,1.6,41.0,3.44,8.0,2.62,1.8399999999999999
KPO3,-1,1,K,P,O,1,5,-2,1.64,0.38,1.4,1.21,5.64,-1,-1,0.11,0,1.1714285714285715,0.27142857142857146,3.04,1.7799999999999998,0.82,19.0,2.19,15.0,3.44,8.0,2.62,1.25
KSbO3,-1,1,K,Sb,O,1,5,-2,1.64,0.6,1.4,1.07,4.05,-1,1,0.59,0,1.1714285714285715,0.4285714285714286,3.04,2.0,0.82,19.0,2.05,51.0,3.44,8.0,2.62,1.3900000000000001
KTaO3,1,1,K,Ta,O,1,5,-2,1.64,0.64,1.4,1.05,3.91,1,1,0.66,1,1.1714285714285715,0.4571428571428572,3.04,2.04,0.82,19.0,1.5,73.0,3.44,8.0,2.62,1.94
KUO3,1,1,K,U,O,1,5,-2,1.64,0.76,1.4,1.0,3.65,1,1,0.76,1,1.1714285714285715,0.5428571428571429,3.04,2.16,0.82,19.0,1.7,92.0,3.44,8.0,2.62,1.74
KVO3,-1,1,K,V,O,1,5,-2,1.64,0.54,1.4,1.11,4.33,-1,-1,0.46,0,1.1714285714285715,0.3857142857142858,3.04,1.94,0.82,19.0,1.63,23.0,3.44,8.0,2.62,1.81
LaLuO3,1,1,La,Lu,O,3,3,-2,1.36,0.86,1.4,0.86,2.99,1,1,0.89,1,0.9714285714285715,0.6142857142857143,2.76,2.26,1.1,57.0,1.0,71.0,3.44,8.0,2.34,2.44
LaMnO3,1,1,La,Mn,O,3,3,-2,1.36,0.64,1.4,0.95,1.65,1,1,0.98,1,0.9714285714285715,0.4571428571428572,2.76,2.04,1.1,57.0,1.55,25.0,3.44,8.0,2.34,1.89
LaNiO3,1,1,La,Ni,O,3,3,-2,1.36,0.6,1.4,0.98,1.64,1,1,0.98,1,0.9714285714285715,0.4285714285714286,2.76,2.0,1.1,57.0,1.91,28.0,3.44,8.0,2.34,1.53
LaScO3,1,1,La,Sc,O,3,3,-2,1.36,0.74,1.4,0.91,1.98,1,1,0.97,1,0.9714285714285715,0.5285714285714286,2.76,2.1399999999999997,1.1,57.0,1.36,21.0,3.44,8.0,2.34,2.08
LaTiO3,1,1,La,Ti,O,3,3,-2,1.36,0.67,1.4,0.94,1.69,1,1,0.98,1,0.9714285714285715,0.47857142857142865,2.76,2.07,1.1,57.0,1.54,22.0,3.44,8.0,2.34,1.9
LaTlO3,-1,1,La,Tl,O,3,3,-2,1.36,0.88,1.4,0.85,3.31,1,1,0.84,0,0.9714285714285715,0.6285714285714287,2.76,2.28,1.1,57.0,1.8,81.0,3.44,8.0,2.34,1.64
LaTmO3,1,1,La,Tm,O,3,3,-2,1.36,0.88,1.4,0.86,3.24,1,1,0.86,1,0.9714285714285715,0.6285714285714287,2.76,2.28,1.1,57.0,1.25,69.0,3.44,8.0,2.34,2.19
LaVO3,1,1,La,V,O,3,3,-2,1.36,0.64,1.4,0.96,1.64,1,1,0.98,1,0.9714285714285715,0.4571428571428572,2.76,2.04,1.1,57.0,1.63,23.0,3.44,8.0,2.34,1.81
LaYO3,1,1,La,Y,O,3,3,-2,1.36,0.9,1.4,0.85,3.54,1,1,0.79,1,0.9714285714285715,0.6428571428571429,2.76,2.3,1.1,57.0,1.22,39.0,3.44,8.0,2.34,2.2199999999999998
LiNO3,-1,1,Li,N,O,1,5,-2,0.92,0.13,1.4,1.07,13.39,-1,-1,0.0,0,0.6571428571428573,0.09285714285714286,2.32,1.5299999999999998,0.98,3.0,3.04,7.0,3.44,8.0,2.46,0.3999999999999999
LiNbO3,-1,1,Li,Nb,O,1,5,-2,0.92,0.64,1.4,0.8,5.15,-1,-1,0.19,0,0.6571428571428573,0.4571428571428572,2.32,2.04,0.98,3.0,1.6,41.0,3.44,8.0,2.46,1.8399999999999999
LiPO3,-1,1,Li,P,O,1,5,-2,0.92,0.38,1.4,0.92,5.42,1,-1,0.14,0,0.6571428571428573,0.27142857142857146,2.32,1.7799999999999998,0.98,3.0,2.19,15.0,3.44,8.0,2.46,1.25
LiReO3,-1,1,Li,Re,O,1,5,-2,0.92,0.58,1.4,0.83,4.85,1,-1,0.26,0,0.6571428571428573,0.41428571428571426,2.32,1.98,0.98,3.0,1.9,75.0,3.44,8.0,2.46,1.54
LiSbO3,-1,1,Li,Sb,O,1,5,-2,0.92,0.6,1.4,0.82,4.92,-1,-1,0.24,0,0.6571428571428573,0.4285714285714286,2.32,2.0,0.98,3.0,2.05,51.0,3.44,8.0,2.46,1.3900000000000001
LiTaO3,-1,1,Li,Ta,O,1,5,-2,0.92,0.64,1.4,0.8,5.15,-1,-1,0.19,0,0.6571428571428573,0.4571428571428572,2.32,2.04,0.98,3.0,1.5,73.0,3.44,8.0,2.46,1.94
LiVO3,-1,1,Li,V,O,1,5,-2,0.92,0.54,1.4,0.85,4.79,1,-1,0.28,0,0.6571428571428573,0.3857142857142858,2.32,1.94,0.98,3.0,1.63,23.0,3.44,8.0,2.46,1.81
LuMnO3,1,1,Lu,Mn,O,3,3,-2,1.03,0.64,1.4,0.84,3.38,1,1,0.83,1,0.7357142857142858,0.4571428571428572,2.4299999999999997,2.04,1.0,71.0,1.55,25.0,3.44,8.0,2.44,1.89
PrLuO3,1,1,Pr,Lu,O,3,3,-2,1.18,0.86,1.4,0.81,5.7,-1,-1,0.1,1,0.8428571428571429,0.6142857142857143,2.58,2.26,1.13,59.0,1.0,71.0,3.44,8.0,2.31,2.44
LuTiO3,1,1,Lu,Ti,O,3,3,-2,1.03,0.67,1.4,0.83,3.79,1,1,0.71,1,0.7357142857142858,0.47857142857142865,2.4299999999999997,2.07,1.0,71.0,1.54,22.0,3.44,8.0,2.44,1.9
MgSeO3,-1,1,Mg,Se,O,2,4,-2,0.89,0.5,1.4,0.85,4.97,1,-1,0.23,0,0.6357142857142858,0.35714285714285715,2.29,1.9,1.31,12.0,2.55,34.0,3.44,8.0,2.13,0.8900000000000001
MgSiO3,1,1,Mg,Si,O,2,4,-2,0.89,0.4,1.4,0.9,5.06,1,-1,0.2,1,0.6357142857142858,0.28571428571428575,2.29,1.7999999999999998,1.31,12.0,1.9,14.0,3.44,8.0,2.13,1.54
MgVO3,-1,1,Mg,V,O,2,4,-2,0.89,0.58,1.4,0.82,5.58,-1,-1,0.12,0,0.6357142857142858,0.41428571428571426,2.29,1.98,1.31,12.0,1.63,23.0,3.44,8.0,2.13,1.81
NdMnO3,1,1,Nd,Mn,O,3,3,-2,1.27,0.64,1.4,0.92,1.89,1,1,0.97,1,0.9071428571428573,0.4571428571428572,2.67,2.04,1.14,60.0,1.55,25.0,3.44,8.0,2.3,1.89
NiMnO3,-1,1,Ni,Mn,O,2,4,-2,0.69,0.53,1.4,0.77,8.51,-1,-1,0.0,0,0.4928571428571428,0.3785714285714286,2.09,1.93,1.91,28.0,1.55,25.0,3.44,8.0,1.53,1.89
PrMnO3,1,1,Pr,Mn,O,3,3,-2,1.18,0.64,1.4,0.89,2.26,1,1,0.95,1,0.8428571428571429,0.4571428571428572,2.58,2.04,1.13,59.0,1.55,25.0,3.44,8.0,2.31,1.89
MnSO3,-1,1,Mn,S,O,2,4,-2,0.96,0.37,1.4,0.94,5.23,1,-1,0.17,0,0.6857142857142857,0.2642857142857143,2.36,1.77,1.55,25.0,2.58,16.0,3.44,8.0,1.89,0.8599999999999999
MnSiO3,-1,1,Mn,Si,O,2,4,-2,0.96,0.4,1.4,0.93,4.98,1,-1,0.22,0,0.6857142857142857,0.28571428571428575,2.36,1.7999999999999998,1.55,25.0,1.9,14.0,3.44,8.0,1.89,1.54
SmMnO3,1,1,Sm,Mn,O,3,3,-2,1.24,0.64,1.4,0.91,1.99,1,1,0.97,1,0.8857142857142858,0.4571428571428572,2.6399999999999997,2.04,1.17,62.0,1.55,25.0,3.44,8.0,2.27,1.89
SnMnO3,-1,1,Sn,Mn,O,2,4,-2,1.15,0.53,1.4,0.93,4.24,1,-1,0.5,0,0.8214285714285714,0.3785714285714286,2.55,1.93,1.96,50.0,1.55,25.0,3.44,8.0,1.48,1.89
SrMnO3,1,1,Sr,Mn,O,2,4,-2,1.44,0.53,1.4,1.04,4.08,1,1,0.58,1,1.0285714285714287,0.3785714285714286,2.84,1.93,0.95,38.0,1.55,25.0,3.44,8.0,2.49,1.89
TiMnO3,-1,1,Ti,Mn,O,3,3,-2,0.67,0.64,1.4,0.72,75.12,-1,-1,0.0,0,0.47857142857142865,0.4571428571428572,2.07,2.04,1.54,22.0,1.55,25.0,3.44,8.0,1.9,1.89
SrMoO3,1,1,Sr,Mo,O,2,4,-2,1.44,0.65,1.4,0.98,3.72,1,1,0.73,1,1.0285714285714287,0.46428571428571436,2.84,2.05,0.95,38.0,2.16,42.0,3.44,8.0,2.49,1.2799999999999998
NaNO3,-1,1,Na,N,O,1,5,-2,1.39,0.13,1.4,1.29,14.28,-1,-1,0.0,0,0.9928571428571429,0.09285714285714286,2.79,1.5299999999999998,0.93,11.0,3.04,7.0,3.44,8.0,2.51,0.3999999999999999
TlNO3,-1,1,Tl,N,O,1,5,-2,1.7,0.13,1.4,1.43,14.86,-1,-1,0.0,0,1.2142857142857144,0.09285714285714286,3.0999999999999996,1.5299999999999998,1.8,81.0,3.04,7.0,3.44,8.0,1.64,0.3999999999999999
NaPO3,-1,1,Na,P,O,1,5,-2,1.39,0.38,1.4,1.11,5.5,-1,-1,0.13,0,0.9928571428571429,0.27142857142857146,2.79,1.7799999999999998,0.93,11.0,2.19,15.0,3.44,8.0,2.51,1.25
NaUO3,1,1,Na,U,O,1,5,-2,1.39,0.76,1.4,0.91,3.87,1,1,0.67,1,0.9928571428571429,0.5428571428571429,2.79,2.16,0.93,11.0,1.7,92.0,3.44,8.0,2.51,1.74
NaVO3,-1,1,Na,V,O,1,5,-2,1.39,0.54,1.4,1.02,4.32,1,-1,0.47,0,0.9928571428571429,0.3857142857142858,2.79,1.94,0.93,11.0,1.63,23.0,3.44,8.0,2.51,1.81
RbNbO3,1,1,Rb,Nb,O,1,5,-2,1.72,0.64,1.4,1.08,3.91,-1,1,0.66,1,1.2285714285714286,0.4571428571428572,3.12,2.04,0.82,37.0,1.6,41.0,3.44,8.0,2.62,1.8399999999999999
SrNbO3,1,1,Sr,Nb,O,2,4,-2,1.44,0.68,1.4,0.97,3.7,1,1,0.74,1,1.0285714285714287,0.48571428571428577,2.84,2.08,0.95,38.0,1.6,41.0,3.44,8.0,2.49,1.8399999999999999
NdNiO3,1,1,Nd,Ni,O,3,3,-2,1.27,0.6,1.4,0.94,1.8,1,1,0.97,1,0.9071428571428573,0.4285714285714286,2.67,2.0,1.14,60.0,1.91,28.0,3.44,8.0,2.3,1.53
NdRhO3,1,1,Nd,Rh,O,3,3,-2,1.27,0.66,1.4,0.91,1.96,1,1,0.97,1,0.9071428571428573,0.4714285714285715,2.67,2.06,1.14,60.0,2.28,45.0,3.44,8.0,2.3,1.1600000000000001
NdScO3,1,1,Nd,Sc,O,3,3,-2,1.27,0.74,1.4,0.88,2.47,1,1,0.94,1,0.9071428571428573,0.5285714285714286,2.67,2.1399999999999997,1.14,60.0,1.36,21.0,3.44,8.0,2.3,2.08
NdTiO3,1,1,Nd,Ti,O,3,3,-2,1.27,0.67,1.4,0.91,1.98,1,1,0.97,1,0.9071428571428573,0.47857142857142865,2.67,2.07,1.14,60.0,1.54,22.0,3.44,8.0,2.3,1.9
NdVO3,1,1,Nd,V,O,3,3,-2,1.27,0.64,1.4,0.93,1.87,1,1,0.97,1,0.9071428571428573,0.4571428571428572,2.67,2.04,1.14,60.0,1.63,23.0,3.44,8.0,2.3,1.81
PrNiO3,1,1,Pr,Ni,O,3,3,-2,1.18,0.6,1.4,0.91,2.06,1,1,0.96,1,0.8428571428571429,0.4285714285714286,2.58,2.0,1.13,59.0,1.91,28.0,3.44,8.0,2.31,1.53
NiSeO3,-1,1,Ni,Se,O,2,4,-2,0.69,0.5,1.4,0.78,7.37,-1,-1,0.02,0,0.4928571428571428,0.35714285714285715,2.09,1.9,1.91,28.0,2.55,34.0,3.44,8.0,1.53,0.8900000000000001
NiTiO3,-1,1,Ni,Ti,O,2,4,-2,0.69,0.6,1.4,0.74,15.66,-1,-1,0.0,0,0.4928571428571428,0.4285714285714286,2.09,2.0,1.91,28.0,1.54,22.0,3.44,8.0,1.53,1.9
YNiO3,1,1,Y,Ni,O,3,3,-2,1.08,0.6,1.4,0.88,2.55,1,1,0.94,1,0.7714285714285716,0.4285714285714286,2.48,2.0,1.22,39.0,1.91,28.0,3.44,8.0,2.2199999999999998,1.53
RbPO3,-1,1,Rb,P,O,1,5,-2,1.72,0.38,1.4,1.24,5.68,-1,-1,0.1,0,1.2285714285714286,0.27142857142857146,3.12,1.7799999999999998,0.82,37.0,2.19,15.0,3.44,8.0,2.62,1.25
RbPaO3,1,1,Rb,Pa,O,1,5,-2,1.72,0.78,1.4,1.01,3.58,1,1,0.77,1,1.2285714285714286,0.5571428571428572,3.12,2.1799999999999997,0.82,37.0,1.5,91.0,3.44,8.0,2.62,1.94
PbSO3,-1,1,Pb,S,O,2,4,-2,1.49,0.37,1.4,1.15,5.57,-1,-1,0.12,0,1.0642857142857143,0.2642857142857143,2.8899999999999997,1.77,1.8,82.0,2.58,16.0,3.44,8.0,1.64,0.8599999999999999
PbSeO3,-1,1,Pb,Se,O,2,4,-2,1.49,0.5,1.4,1.08,4.26,-1,-1,0.5,0,1.0642857142857143,0.35714285714285715,2.8899999999999997,1.9,1.8,82.0,2.55,34.0,3.44,8.0,1.64,0.8900000000000001
PbSiO3,-1,1,Pb,Si,O,2,4,-2,1.49,0.4,1.4,1.14,5.17,-1,-1,0.18,0,1.0642857142857143,0.28571428571428575,2.8899999999999997,1.7999999999999998,1.8,82.0,1.9,14.0,3.44,8.0,1.64,1.54
SrPbO3,1,1,Sr,Pb,O,2,4,-2,1.44,0.78,1.4,0.92,3.8,1,1,0.7,1,1.0285714285714287,0.5571428571428572,2.84,2.1799999999999997,0.95,38.0,1.8,82.0,3.44,8.0,2.49,1.64
PbTeO3,-1,1,Pb,Te,O,2,4,-2,1.49,0.97,1.4,0.86,4.6,1,-1,0.34,0,1.0642857142857143,0.6928571428571428,2.8899999999999997,2.37,1.8,82.0,2.1,52.0,3.44,8.0,1.64,1.3399999999999999
PbTiO3,1,1,Pb,Ti,O,2,4,-2,1.49,0.6,1.4,1.02,3.78,1,1,0.71,1,1.0642857142857143,0.4285714285714286,2.8899999999999997,2.0,1.8,82.0,1.54,22.0,3.44,8.0,1.64,1.9
PrRhO3,1,1,Pr,Rh,O,3,3,-2,1.18,0.66,1.4,0.88,2.39,1,1,0.95,1,0.8428571428571429,0.4714285714285715,2.58,2.06,1.13,59.0,2.28,45.0,3.44,8.0,2.31,1.1600000000000001
PrRuO3,1,1,Pr,Ru,O,3,3,-2,1.18,0.68,1.4,0.88,2.51,1,1,0.94,1,0.8428571428571429,0.48571428571428577,2.58,2.08,1.13,59.0,2.2,44.0,3.44,8.0,2.31,1.2399999999999998
PrScO3,1,1,Pr,Sc,O,3,3,-2,1.18,0.74,1.4,0.85,3.22,1,1,0.86,1,0.8428571428571429,0.5285714285714286,2.58,2.1399999999999997,1.13,59.0,1.36,21.0,3.44,8.0,2.31,2.08
PrTiO3,1,1,Pr,Ti,O,3,3,-2,1.18,0.67,1.4,0.88,2.43,1,1,0.95,1,0.8428571428571429,0.47857142857142865,2.58,2.07,1.13,59.0,1.54,22.0,3.44,8.0,2.31,1.9
PrVO3,1,1,Pr,V,O,3,3,-2,1.18,0.64,1.4,0.89,2.23,1,1,0.96,1,0.8428571428571429,0.4571428571428572,2.58,2.04,1.13,59.0,1.63,23.0,3.44,8.0,2.31,1.81
PuVO3,1,1,Pu,V,O,4,2,-2,0.96,0.79,1.4,0.76,10.71,-1,-1,0.0,1,0.6857142857142857,0.5642857142857144,2.36,2.19,1.3,94.0,1.63,23.0,3.44,8.0,2.1399999999999997,1.81
RbTaO3,1,1,Rb,Ta,O,1,5,-2,1.72,0.64,1.4,1.08,3.91,-1,1,0.66,1,1.2285714285714286,0.4571428571428572,3.12,2.04,0.82,37.0,1.5,73.0,3.44,8.0,2.62,1.94
RbVO3,-1,1,Rb,V,O,1,5,-2,1.72,0.54,1.4,1.14,4.34,-1,-1,0.46,0,1.2285714285714286,0.3857142857142858,3.12,1.94,0.82,37.0,1.63,23.0,3.44,8.0,2.62,1.81
SmRhO3,1,1,Sm,Rh,O,3,3,-2,1.24,0.66,1.4,0.9,2.08,1,1,0.96,1,0.8857142857142858,0.4714285714285715,2.6399999999999997,2.06,1.17,62.0,2.28,45.0,3.44,8.0,2.27,1.1600000000000001
SrRuO3,1,1,Sr,Ru,O,2,4,-2,1.44,0.62,1.4,0.99,3.77,1,1,0.71,1,1.0285714285714287,0.4428571428571429,2.84,2.02,0.95,38.0,2.2,44.0,3.44,8.0,2.49,1.2399999999999998
TlSbO3,-1,1,Tl,Sb,O,1,5,-2,1.7,0.6,1.4,1.1,4.05,-1,1,0.59,0,1.2142857142857144,0.4285714285714286,3.0999999999999996,2.0,1.8,81.0,2.05,51.0,3.44,8.0,1.64,1.3900000000000001
SmScO3,1,1,Sm,Sc,O,3,3,-2,1.24,0.74,1.4,0.87,2.68,1,1,0.93,1,0.8857142857142858,0.5285714285714286,2.6399999999999997,2.1399999999999997,1.17,62.0,1.36,21.0,3.44,8.0,2.27,2.08
YScO3,1,1,Y,Sc,O,3,3,-2,1.08,0.74,1.4,0.82,4.68,-1,-1,0.31,1,0.7714285714285716,0.5285714285714286,2.48,2.1399999999999997,1.22,39.0,1.36,21.0,3.44,8.0,2.2199999999999998,2.08
ZnSeO3,-1,1,Zn,Se,O,2,4,-2,0.9,0.5,1.4,0.86,4.92,1,-1,0.24,0,0.6428571428571429,0.35714285714285715,2.3,1.9,1.65,30.0,2.55,34.0,3.44,8.0,1.79,0.8900000000000001
SrSiO3,-1,1,Sr,Si,O,2,4,-2,1.44,0.4,1.4,1.12,5.12,-1,-1,0.19,0,1.0285714285714287,0.28571428571428575,2.84,1.7999999999999998,0.95,38.0,1.9,14.0,3.44,8.0,2.49,1.54
ZnSiO3,-1,1,Zn,Si,O,2,4,-2,0.9,0.4,1.4,0.9,5.05,1,-1,0.21,0,0.6428571428571429,0.28571428571428575,2.3,1.7999999999999998,1.65,30.0,1.9,14.0,3.44,8.0,1.79,1.54
SmVO3,1,1,Sm,V,O,3,3,-2,1.24,0.64,1.4,0.92,1.98,1,1,0.97,1,0.8857142857142858,0.4571428571428572,2.6399999999999997,2.04,1.17,62.0,1.63,23.0,3.44,8.0,2.27,1.81
SmYO3,-1,1,Sm,Y,O,3,3,-2,1.24,0.9,1.4,0.81,5.45,-1,-1,0.13,0,0.8857142857142858,0.6428571428571429,2.6399999999999997,2.3,1.17,62.0,1.22,39.0,3.44,8.0,2.27,2.2199999999999998
SrSnO3,1,1,Sr,Sn,O,2,4,-2,1.44,0.69,1.4,0.96,3.7,1,1,0.74,1,1.0285714285714287,0.4928571428571428,2.84,2.09,0.95,38.0,1.96,50.0,3.44,8.0,2.49,1.48
ZnSnO3,-1,1,Zn,Sn,O,2,4,-2,0.9,0.69,1.4,0.78,7.85,-1,-1,0.01,0,0.6428571428571429,0.4928571428571428,2.3,2.09,1.65,30.0,1.96,50.0,3.44,8.0,1.79,1.48
SrVO3,1,1,Sr,V,O,2,4,-2,1.44,0.58,1.4,1.01,3.87,1,1,0.67,1,1.0285714285714287,0.41428571428571426,2.84,1.98,0.95,38.0,1.63,23.0,3.44,8.0,2.49,1.81
SrZrO3,1,1,Sr,Zr,O,2,4,-2,1.44,0.72,1.4,0.95,3.72,1,1,0.73,1,1.0285714285714287,0.5142857142857143,2.84,2.12,0.95,38.0,1.33,40.0,3.44,8.0,2.49,2.11
TeZnO3,-1,1,Te,Zn,O,4,2,-2,0.97,0.74,1.4,0.78,5.26,-1,-1,0.16,0,0.6928571428571428,0.5285714285714286,2.37,2.1399999999999997,2.1,52.0,1.65,30.0,3.44,8.0,1.3399999999999999,1.79
TmTiO3,1,1,Tm,Ti,O,3,3,-2,1.05,0.67,1.4,0.84,3.53,1,1,0.79,1,0.7500000000000001,0.47857142857142865,2.45,2.07,1.25,69.0,1.54,22.0,3.44,8.0,2.19,1.9
YTiO3,1,1,Y,Ti,O,3,3,-2,1.08,0.67,1.4,0.85,3.27,1,1,0.85,1,0.7714285714285716,0.47857142857142865,2.48,2.07,1.22,39.0,1.54,22.0,3.44,8.0,2.2199999999999998,1.9
ZnTiO3,-1,1,Zn,Ti,O,2,4,-2,0.9,0.6,1.4,0.81,5.81,-1,-1,0.09,0,0.6428571428571429,0.4285714285714286,2.3,2.0,1.65,30.0,1.54,22.0,3.44,8.0,1.79,1.9
TlVO3,-1,1,Tl,V,O,3,3,-2,0.98,0.64,1.4,0.82,3.97,-1,1,0.63,0,0.7000000000000001,0.4571428571428572,2.38,2.04,1.8,81.0,1.63,23.0,3.44,8.0,1.64,1.81
YVO3,1,1,Y,V,O,3,3,-2,1.08,0.64,1.4,0.86,2.9,1,1,0.9,1,0.7714285714285716,0.4571428571428572,2.48,2.04,1.22,39.0,1.63,23.0,3.44,8.0,2.2199999999999998,1.81
AgBiO3,-1,-1,Ag,Bi,O,1,5,-2,1.28,0.76,1.4,0.88,4.07,1,1,0.58,0,0.9142857142857144,0.5428571428571429,2.6799999999999997,2.16,1.93,47.0,1.9,83.0,3.44,8.0,1.51,1.54
DyAlO3,1,-1,Dy,Al,O,3,3,-2,1.08,0.54,1.4,0.91,2.23,1,1,0.96,1,0.7714285714285716,0.3857142857142858,2.48,1.94,1.22,66.0,1.61,13.0,3.44,8.0,2.2199999999999998,1.8299999999999998
GdAlO3,1,-1,Gd,Al,O,3,3,-2,1.11,0.54,1.4,0.92,2.15,1,1,0.96,1,0.7928571428571429,0.3857142857142858,2.51,1.94,1.2,64.0,1.61,13.0,3.44,8.0,2.24,1.8299999999999998
HoAlO3,1,-1,Ho,Al,O,3,3,-2,1.12,0.54,1.4,0.92,2.12,1,1,0.96,1,0.8000000000000002,0.3857142857142858,2.52,1.94,1.23,67.0,1.61,13.0,3.44,8.0,2.21,1.8299999999999998
ScAlO3,1,-1,Sc,Al,O,3,3,-2,0.87,0.54,1.4,0.83,3.65,1,1,0.75,1,0.6214285714285714,0.3857142857142858,2.27,1.94,1.36,21.0,1.61,13.0,3.44,8.0,2.08,1.8299999999999998
DyBO3,-1,-1,Dy,B,O,3,3,-2,1.08,0.27,1.4,1.05,4.85,1,-1,0.26,0,0.7714285714285716,0.1928571428571429,2.48,1.67,1.22,66.0,2.04,5.0,3.44,8.0,2.2199999999999998,1.4
LuBO3,-1,-1,Lu,B,O,3,3,-2,1.03,0.27,1.4,1.03,4.74,1,-1,0.3,0,0.7357142857142858,0.1928571428571429,2.4299999999999997,1.67,1.0,71.0,2.04,5.0,3.44,8.0,2.44,1.4
SmBO3,-1,-1,Sm,B,O,3,3,-2,1.24,0.27,1.4,1.12,5.22,-1,-1,0.17,0,0.8857142857142858,0.1928571428571429,2.6399999999999997,1.67,1.17,62.0,2.04,5.0,3.44,8.0,2.27,1.4
TiBO3,-1,-1,Ti,B,O,3,3,-2,0.67,0.27,1.4,0.88,4.38,1,-1,0.44,0,0.47857142857142865,0.1928571428571429,2.07,1.67,1.54,22.0,2.04,5.0,3.44,8.0,1.9,1.4
BaLiBr3,-1,-1,Ba,Li,Br,2,1,-1,1.61,0.76,1.96,0.93,4.22,1,-1,0.51,0,0.8214285714285715,0.3877551020408163,3.5700000000000003,2.7199999999999998,0.89,56.0,0.98,3.0,2.96,35.0,2.07,1.98
BaNaF3,-1,-1,Ba,Na,F,2,1,-1,1.61,1.02,1.33,0.88,4.22,1,-1,0.51,0,1.2105263157894737,0.7669172932330827,2.9400000000000004,2.35,0.89,56.0,0.93,11.0,3.98,9.0,3.09,3.05
BaNbO3,1,-1,Ba,Nb,O,2,4,-2,1.61,0.68,1.4,1.02,3.55,1,1,0.78,1,1.1500000000000001,0.48571428571428577,3.01,2.08,0.89,56.0,1.6,41.0,3.44,8.0,2.55,1.8399999999999999
BaNiO3,-1,-1,Ba,Ni,O,2,4,-2,1.61,0.48,1.4,1.13,4.46,-1,-1,0.4,0,1.1500000000000001,0.34285714285714286,3.01,1.88,0.89,56.0,1.91,28.0,3.44,8.0,2.55,1.53
BaPuO3,1,-1,Ba,Pu,O,2,4,-2,1.61,0.86,1.4,0.94,3.6,1,1,0.77,1,1.1500000000000001,0.6142857142857143,3.01,2.26,0.89,56.0,1.3,94.0,3.44,8.0,2.55,2.1399999999999997
BaRuO3,-1,-1,Ba,Ru,O,2,4,-2,1.61,0.62,1.4,1.05,3.7,1,1,0.74,0,1.1500000000000001,0.4428571428571429,3.01,2.02,0.89,56.0,2.2,44.0,3.44,8.0,2.55,1.2399999999999998
BaSnO3,1,-1,Ba,Sn,O,2,4,-2,1.61,0.69,1.4,1.02,3.54,1,1,0.79,1,1.1500000000000001,0.4928571428571428,3.01,2.09,0.89,56.0,1.96,50.0,3.44,8.0,2.55,1.48
BaTeO3,-1,-1,Ba,Te,O,2,4,-2,1.61,0.97,1.4,0.9,3.99,1,1,0.62,0,1.1500000000000001,0.6928571428571428,3.01,2.37,0.89,56.0,2.1,52.0,3.44,8.0,2.55,1.3399999999999999
BaZrO3,1,-1,Ba,Zr,O,2,4,-2,1.61,0.72,1.4,1.0,3.5,1,1,0.8,1,1.1500000000000001,0.5142857142857143,3.01,2.12,0.89,56.0,1.33,40.0,3.44,8.0,2.55,2.11
LiBeCl3,-1,-1,Li,Be,Cl,1,2,-1,0.92,0.45,1.81,0.85,5.88,1,-1,0.08,0,0.5082872928176796,0.24861878453038674,2.73,2.2600000000000002,0.98,3.0,1.57,4.0,3.16,17.0,2.18,1.59
BiFeO3,1,-1,Bi,Fe,O,3,3,-2,1.17,0.64,1.4,0.89,2.31,1,1,0.95,1,0.8357142857142857,0.4571428571428572,2.57,2.04,1.9,83.0,1.83,26.0,3.44,8.0,1.54,1.6099999999999999
CsPbBr3,1,-1,Cs,Pb,Br,1,2,-1,1.88,1.19,1.96,0.86,4.1,1,1,0.57,1,0.9591836734693877,0.6071428571428571,3.84,3.15,0.79,55.0,1.8,82.0,2.96,35.0,2.17,1.16
PbLiBr3,-1,-1,Pb,Li,Br,2,1,-1,1.49,0.76,1.96,0.9,4.4,1,-1,0.43,0,0.7602040816326531,0.3877551020408163,3.45,2.7199999999999998,1.8,82.0,0.98,3.0,2.96,35.0,1.16,1.98
CaCO3,-1,-1,Ca,C,O,2,4,-2,1.34,0.16,1.4,1.24,12.63,-1,-1,0.0,0,0.9571428571428573,0.1142857142857143,2.74,1.5599999999999998,1.0,20.0,2.55,6.0,3.44,8.0,2.44,0.8900000000000001
CuCO3,-1,-1,Cu,C,O,2,4,-2,0.73,0.16,1.4,0.97,10.76,1,-1,0.0,0,0.5214285714285715,0.1142857142857143,2.13,1.5599999999999998,1.9,29.0,2.55,6.0,3.44,8.0,1.54,0.8900000000000001
MnCO3,-1,-1,Mn,C,O,2,4,-2,0.96,0.16,1.4,1.07,11.45,-1,-1,0.0,0,0.6857142857142857,0.1142857142857143,2.36,1.5599999999999998,1.55,25.0,2.55,6.0,3.44,8.0,1.89,0.8900000000000001
CaLiCl3,-1,-1,Ca,Li,Cl,2,1,-1,1.34,0.76,1.81,0.87,4.6,1,-1,0.35,0,0.7403314917127072,0.4198895027624309,3.1500000000000004,2.5700000000000003,1.0,20.0,0.98,3.0,3.16,17.0,2.16,2.18
CaCrO3,1,-1,Ca,Cr,O,2,4,-2,1.34,0.55,1.4,0.99,4.02,1,1,0.61,1,0.9571428571428573,0.3928571428571429,2.74,1.95,1.0,20.0,1.66,24.0,3.44,8.0,2.44,1.78
RbCaF3,1,-1,Rb,Ca,F,1,2,-1,1.72,1.0,1.33,0.93,3.5,1,1,0.8,1,1.2932330827067668,0.7518796992481203,3.05,2.33,0.82,37.0,1.0,20.0,3.98,9.0,3.16,2.98
CaGeO3,1,-1,Ca,Ge,O,2,4,-2,1.34,0.53,1.4,1.0,4.09,1,1,0.57,1,0.9571428571428573,0.3785714285714286,2.74,1.93,1.0,20.0,2.01,32.0,3.44,8.0,2.44,1.4300000000000002
CaMnO3,1,-1,Ca,Mn,O,2,4,-2,1.34,0.53,1.4,1.0,4.09,1,1,0.57,1,0.9571428571428573,0.3785714285714286,2.74,1.93,1.0,20.0,1.55,25.0,3.44,8.0,2.44,1.89
CaMoO3,1,-1,Ca,Mo,O,2,4,-2,1.34,0.65,1.4,0.95,3.85,1,1,0.68,1,0.9571428571428573,0.46428571428571436,2.74,2.05,1.0,20.0,2.16,42.0,3.44,8.0,2.44,1.2799999999999998
CsCdCl3,1,-1,Cs,Cd,Cl,1,2,-1,1.88,0.95,1.81,0.95,3.8,1,1,0.7,1,1.0386740331491713,0.5248618784530387,3.69,2.76,0.79,55.0,1.69,48.0,3.16,17.0,2.37,1.4700000000000002
CdCuI3,-1,-1,Cd,Cu,I,2,1,-1,1.31,0.77,2.2,0.84,5.26,1,-1,0.16,0,0.5954545454545455,0.35,3.5100000000000002,2.97,1.69,48.0,1.9,29.0,2.66,53.0,0.9700000000000002,0.7600000000000002
CdSnO3,1,-1,Cd,Sn,O,2,4,-2,1.31,0.69,1.4,0.92,3.95,1,1,0.64,1,0.9357142857142858,0.4928571428571428,2.71,2.09,1.69,48.0,1.96,50.0,3.44,8.0,1.75,1.48
CdTiO3,1,-1,Cd,Ti,O,2,4,-2,1.31,0.6,1.4,0.96,3.92,1,1,0.65,1,0.9357142857142858,0.4285714285714286,2.71,2.0,1.69,48.0,1.54,22.0,3.44,8.0,1.75,1.9
CeGaO3,1,-1,Ce,Ga,O,3,3,-2,1.34,0.62,1.4,0.96,1.67,1,1,0.98,1,0.9571428571428573,0.4428571428571429,2.74,2.02,1.12,58.0,1.81,31.0,3.44,8.0,2.32,1.63
CeTiO3,1,-1,Ce,Ti,O,4,2,-2,1.14,0.86,1.4,0.79,4.44,-1,-1,0.41,1,0.8142857142857143,0.6142857142857143,2.54,2.26,1.12,58.0,1.54,22.0,3.44,8.0,2.32,1.9
CeTmO3,1,-1,Ce,Tm,O,3,3,-2,1.34,0.88,1.4,0.85,3.45,1,1,0.81,1,0.9571428571428573,0.6285714285714287,2.74,2.28,1.12,58.0,1.25,69.0,3.44,8.0,2.32,2.19
NaClO3,-1,-1,Na,Cl,O,1,5,-2,1.39,0.12,1.4,1.3,15.4,-1,-1,0.0,0,0.9928571428571429,0.08571428571428572,2.79,1.52,0.93,11.0,3.16,17.0,3.44,8.0,2.51,0.2799999999999998
CsCoCl3,-1,-1,Cs,Co,Cl,1,2,-1,1.88,0.74,1.81,1.02,4.16,1,1,0.54,0,1.0386740331491713,0.4088397790055249,3.69,2.55,0.79,55.0,1.88,27.0,3.16,17.0,2.37,1.2800000000000002
CsMgCl3,-1,-1,Cs,Mg,Cl,1,2,-1,1.88,0.72,1.81,1.03,4.23,1,-1,0.51,0,1.0386740331491713,0.39779005524861877,3.69,2.5300000000000002,0.79,55.0,1.31,12.0,3.16,17.0,2.37,1.85
CsPbCl3,1,-1,Cs,Pb,Cl,1,2,-1,1.88,1.19,1.81,0.87,3.98,1,1,0.63,1,1.0386740331491713,0.6574585635359116,3.69,3.0,0.79,55.0,1.8,82.0,3.16,17.0,2.37,1.36
CsZnCl3,-1,-1,Cs,Zn,Cl,1,2,-1,1.88,0.74,1.81,1.02,4.17,1,1,0.54,0,1.0386740331491713,0.4088397790055249,3.69,2.55,0.79,55.0,1.65,30.0,3.16,17.0,2.37,1.5100000000000002
CuZnCl3,-1,-1,Cu,Zn,Cl,1,2,-1,0.77,0.74,1.81,0.72,27.63,-1,-1,0.0,0,0.425414364640884,0.4088397790055249,2.58,2.55,1.9,29.0,1.65,30.0,3.16,17.0,1.2600000000000002,1.5100000000000002
KMgCl3,-1,-1,K,Mg,Cl,1,2,-1,1.64,0.72,1.81,0.96,4.28,1,-1,0.48,0,0.9060773480662982,0.39779005524861877,3.45,2.5300000000000002,0.82,19.0,1.31,12.0,3.16,17.0,2.3400000000000003,1.85
KSrCl3,-1,-1,K,Sr,Cl,1,2,-1,1.64,1.18,1.81,0.82,4.76,-1,-1,0.29,0,0.9060773480662982,0.6519337016574586,3.45,2.99,0.82,19.0,0.95,38.0,3.16,17.0,2.3400000000000003,2.21
RbMgCl3,-1,-1,Rb,Mg,Cl,1,2,-1,1.72,0.72,1.81,0.99,4.26,1,-1,0.5,0,0.9502762430939226,0.39779005524861877,3.5300000000000002,2.5300000000000002,0.82,37.0,1.31,12.0,3.16,17.0,2.3400000000000003,1.85
TlMgCl3,-1,-1,Tl,Mg,Cl,1,2,-1,1.7,0.72,1.81,0.98,4.26,1,-1,0.49,0,0.9392265193370165,0.39779005524861877,3.51,2.5300000000000002,1.8,81.0,1.31,12.0,3.16,17.0,1.36,1.85
TlMnCl3,1,-1,Tl,Mn,Cl,1,2,-1,1.7,0.83,1.81,0.94,4.04,1,1,0.6,1,0.9392265193370165,0.45856353591160215,3.51,2.64,1.8,81.0,1.55,25.0,3.16,17.0,1.36,1.61
PbNaCl3,-1,-1,Pb,Na,Cl,2,1,-1,1.49,1.02,1.81,0.82,5.48,-1,-1,0.13,0,0.8232044198895028,0.56353591160221,3.3,2.83,1.8,82.0,0.93,11.0,3.16,17.0,1.36,2.23
SrNaCl3,-1,-1,Sr,Na,Cl,2,1,-1,1.44,1.02,1.81,0.81,5.96,-1,-1,0.08,0,0.7955801104972375,0.56353591160221,3.25,2.83,0.95,38.0,0.93,11.0,3.16,17.0,2.21,2.23
RbZnCl3,-1,-1,Rb,Zn,Cl,1,2,-1,1.72,0.74,1.81,0.98,4.2,1,-1,0.52,0,0.9502762430939226,0.4088397790055249,3.5300000000000002,2.55,0.82,37.0,1.65,30.0,3.16,17.0,2.3400000000000003,1.5100000000000002
NaCoF3,1,-1,Na,Co,F,1,2,-1,1.39,0.74,1.33,0.93,3.78,1,1,0.71,1,1.045112781954887,0.556390977443609,2.7199999999999998,2.0700000000000003,0.93,11.0,1.88,27.0,3.98,9.0,3.05,2.1
GeCoO3,-1,-1,Ge,Co,O,2,4,-2,0.73,0.53,1.4,0.78,7.25,-1,-1,0.02,0,0.5214285714285715,0.3785714285714286,2.13,1.93,2.01,32.0,1.88,27.0,3.44,8.0,1.4300000000000002,1.56
SmCoO3,1,-1,Sm,Co,O,3,3,-2,1.24,0.61,1.4,0.93,1.89,1,1,0.97,1,0.8857142857142858,0.4357142857142857,2.6399999999999997,2.01,1.17,62.0,1.88,27.0,3.44,8.0,2.27,1.56
TlCrF3,1,-1,Tl,Cr,F,1,2,-1,1.7,0.8,1.33,1.01,3.48,1,1,0.8,1,1.2781954887218043,0.6015037593984962,3.0300000000000002,2.13,1.8,81.0,1.66,24.0,3.98,9.0,2.1799999999999997,2.3200000000000003
HoCrO3,1,-1,Ho,Cr,O,3,3,-2,1.12,0.62,1.4,0.88,2.39,1,1,0.95,1,0.8000000000000002,0.4428571428571429,2.52,2.02,1.23,67.0,1.66,24.0,3.44,8.0,2.21,1.78
SmCrO3,1,-1,Sm,Cr,O,3,3,-2,1.24,0.62,1.4,0.93,1.9,1,1,0.97,1,0.8857142857142858,0.4428571428571429,2.6399999999999997,2.02,1.17,62.0,1.66,24.0,3.44,8.0,2.27,1.78
CsHgF3,1,-1,Cs,Hg,F,1,2,-1,1.88,1.02,1.33,0.97,3.32,1,1,0.84,1,1.413533834586466,0.7669172932330827,3.21,2.35,0.79,55.0,1.9,80.0,3.98,9.0,3.19,2.08
CsPbF3,1,-1,Cs,Pb,F,1,2,-1,1.88,1.19,1.33,0.9,3.57,1,1,0.78,1,1.413533834586466,0.894736842105263,3.21,2.52,0.79,55.0,1.8,82.0,3.98,9.0,3.19,2.1799999999999997
CsSrF3,1,-1,Cs,Sr,F,1,2,-1,1.88,1.18,1.33,0.9,3.55,1,1,0.79,1,1.413533834586466,0.8872180451127819,3.21,2.51,0.79,55.0,0.95,38.0,3.98,9.0,3.19,3.0300000000000002
CsIO3,1,-1,Cs,I,O,1,5,-2,1.88,0.95,1.4,0.99,3.37,1,1,0.83,1,1.342857142857143,0.6785714285714286,3.28,2.3499999999999996,0.79,55.0,2.66,53.0,3.44,8.0,2.65,0.7799999999999998
NaCuF3,1,-1,Na,Cu,F,1,2,-1,1.39,0.73,1.33,0.93,3.78,1,1,0.71,1,1.045112781954887,0.5488721804511277,2.7199999999999998,2.06,0.93,11.0,1.9,29.0,3.98,9.0,3.05,2.08
CuSeO3,-1,-1,Cu,Se,O,2,4,-2,0.73,0.5,1.4,0.79,6.52,-1,-1,0.04,0,0.5214285714285715,0.35714285714285715,2.13,1.9,1.9,29.0,2.55,34.0,3.44,8.0,1.54,0.8900000000000001
CuSiO3,-1,-1,Cu,Si,O,2,4,-2,0.73,0.4,1.4,0.84,5.57,1,-1,0.12,0,0.5214285714285715,0.28571428571428575,2.13,1.7999999999999998,1.9,29.0,1.9,14.0,3.44,8.0,1.54,1.54
TeCuO3,-1,-1,Te,Cu,O,4,2,-2,0.97,0.73,1.4,0.79,4.62,-1,-1,0.34,0,0.6928571428571428,0.5214285714285715,2.37,2.13,2.1,52.0,1.9,29.0,3.44,8.0,1.3399999999999999,1.54
DyScO3,1,-1,Dy,Sc,O,3,3,-2,1.08,0.74,1.4,0.82,4.54,-1,-1,0.37,1,0.7714285714285716,0.5285714285714286,2.48,2.1399999999999997,1.22,66.0,1.36,21.0,3.44,8.0,2.2199999999999998,2.08
LaErO3,1,-1,La,Er,O,3,3,-2,1.36,0.89,1.4,0.85,3.38,1,1,0.83,1,0.9714285714285715,0.6357142857142858,2.76,2.29,1.1,57.0,1.24,68.0,3.44,8.0,2.34,2.2
ErRhO3,1,-1,Er,Rh,O,3,3,-2,1.06,0.66,1.4,0.84,3.34,1,1,0.84,1,0.7571428571428572,0.4714285714285715,2.46,2.06,1.24,68.0,2.28,45.0,3.44,8.0,2.2,1.1600000000000001
RbFeF3,1,-1,Rb,Fe,F,1,2,-1,1.72,0.78,1.33,1.02,3.49,1,1,0.8,1,1.2932330827067668,0.5864661654135338,3.05,2.1100000000000003,0.82,37.0,1.83,26.0,3.98,9.0,3.16,2.15
RbHgF3,1,-1,Rb,Hg,F,1,2,-1,1.72,1.02,1.33,0.92,3.53,1,1,0.79,1,1.2932330827067668,0.7669172932330827,3.05,2.35,0.82,37.0,1.9,80.0,3.98,9.0,3.16,2.08
NaVF3,1,-1,Na,V,F,1,2,-1,1.39,0.79,1.33,0.91,3.8,1,1,0.7,1,1.045112781954887,0.5939849624060151,2.7199999999999998,2.12,0.93,11.0,1.63,23.0,3.98,9.0,3.05,2.35
LuFeO3,1,-1,Lu,Fe,O,3,3,-2,1.03,0.64,1.4,0.84,3.38,1,1,0.83,1,0.7357142857142858,0.4571428571428572,2.4299999999999997,2.04,1.0,71.0,1.83,26.0,3.44,8.0,2.44,1.6099999999999999
NdFeO3,1,-1,Nd,Fe,O,3,3,-2,1.27,0.64,1.4,0.92,1.89,1,1,0.97,1,0.9071428571428573,0.4571428571428572,2.67,2.04,1.14,60.0,1.83,26.0,3.44,8.0,2.3,1.6099999999999999
GdRhO3,1,-1,Gd,Rh,O,3,3,-2,1.11,0.66,1.4,0.86,2.9,1,1,0.9,1,0.7928571428571429,0.4714285714285715,2.51,2.06,1.2,64.0,2.28,45.0,3.44,8.0,2.24,1.1600000000000001
ZnGeO3,-1,-1,Zn,Ge,O,2,4,-2,0.9,0.53,1.4,0.84,5.06,1,-1,0.21,0,0.6428571428571429,0.3785714285714286,2.3,1.93,1.65,30.0,2.01,32.0,3.44,8.0,1.79,1.4300000000000002
KHgI3,-1,-1,K,Hg,I,1,2,-1,1.64,1.02,2.2,0.84,4.54,1,-1,0.37,0,0.7454545454545454,0.4636363636363636,3.84,3.22,0.82,19.0,1.9,80.0,2.66,53.0,1.8400000000000003,0.7600000000000002
HgTeO3,-1,-1,Hg,Te,O,2,4,-2,1.14,0.97,1.4,0.76,12.0,-1,-1,0.0,0,0.8142857142857143,0.6928571428571428,2.54,2.37,1.9,80.0,2.1,52.0,3.44,8.0,1.54,1.3399999999999999
LaHoO3,1,-1,La,Ho,O,3,3,-2,1.36,0.9,1.4,0.85,3.55,1,1,0.78,1,0.9714285714285715,0.6428571428571429,2.76,2.3,1.1,57.0,1.23,67.0,3.44,8.0,2.34,2.21
HoMnO3,1,-1,Ho,Mn,O,3,3,-2,1.12,0.64,1.4,0.87,2.61,1,1,0.93,1,0.8000000000000002,0.4571428571428572,2.52,2.04,1.23,67.0,1.55,25.0,3.44,8.0,2.21,1.89
HoRhO3,1,-1,Ho,Rh,O,3,3,-2,1.12,0.66,1.4,0.86,2.8,1,1,0.92,1,0.8000000000000002,0.4714285714285715,2.52,2.06,1.23,67.0,2.28,45.0,3.44,8.0,2.21,1.1600000000000001
KIO3,1,-1,K,I,O,1,5,-2,1.64,0.95,1.4,0.91,3.64,1,1,0.76,1,1.1714285714285715,0.6785714285714286,3.04,2.3499999999999996,0.82,19.0,2.66,53.0,3.44,8.0,2.62,0.7799999999999998
RbIO3,1,-1,Rb,I,O,1,5,-2,1.72,0.95,1.4,0.94,3.52,1,1,0.79,1,1.2285714285714286,0.6785714285714286,3.12,2.3499999999999996,0.82,37.0,2.66,53.0,3.44,8.0,2.62,0.7799999999999998
MnLiI3,-1,-1,Mn,Li,I,2,1,-1,0.96,0.76,2.2,0.75,9.71,-1,-1,0.0,0,0.4363636363636363,0.3454545454545454,3.16,2.96,1.55,25.0,0.98,3.0,2.66,53.0,1.11,1.6800000000000002
RbPbI3,-1,-1,Rb,Pb,I,1,2,-1,1.72,1.19,2.2,0.82,4.77,-1,-1,0.28,0,0.7818181818181817,0.5409090909090909,3.92,3.39,0.82,37.0,1.8,82.0,2.66,53.0,1.8400000000000003,0.8600000000000001
YInO3,-1,-1,Y,In,O,3,3,-2,1.08,0.8,1.4,0.8,6.39,-1,-1,0.05,0,0.7714285714285716,0.5714285714285715,2.48,2.2,1.22,39.0,1.78,49.0,3.44,8.0,2.2199999999999998,1.66
KPaO3,1,-1,K,Pa,O,1,5,-2,1.64,0.78,1.4,0.99,3.62,1,1,0.76,1,1.1714285714285715,0.5571428571428572,3.04,2.1799999999999997,0.82,19.0,1.5,91.0,3.44,8.0,2.62,1.94
LaRhO3,1,-1,La,Rh,O,3,3,-2,1.36,0.66,1.4,0.95,1.68,1,1,0.98,1,0.9714285714285715,0.4714285714285715,2.76,2.06,1.1,57.0,2.28,45.0,3.44,8.0,2.34,1.1600000000000001
LaRuO3,1,-1,La,Ru,O,3,3,-2,1.36,0.68,1.4,0.94,1.71,1,1,0.98,1,0.9714285714285715,0.48571428571428577,2.76,2.08,1.1,57.0,2.2,44.0,3.44,8.0,2.34,1.2399999999999998
MgTiO3,-1,-1,Mg,Ti,O,2,4,-2,0.89,0.6,1.4,0.81,5.94,-1,-1,0.08,0,0.6357142857142858,0.4285714285714286,2.29,2.0,1.31,12.0,1.54,22.0,3.44,8.0,2.13,1.9
MnSeO3,-1,-1,Mn,Se,O,2,4,-2,0.96,0.5,1.4,0.88,4.69,1,-1,0.31,0,0.6857142857142857,0.35714285714285715,2.36,1.9,1.55,25.0,2.55,34.0,3.44,8.0,1.89,0.8900000000000001
YMnO3,1,-1,Y,Mn,O,3,3,-2,1.08,0.64,1.4,0.86,2.96,1,1,0.9,1,0.7714285714285716,0.4571428571428572,2.48,2.04,1.22,39.0,1.55,25.0,3.44,8.0,2.2199999999999998,1.89
RbNO3,-1,-1,Rb,N,O,1,5,-2,1.72,0.13,1.4,1.44,14.89,-1,-1,0.0,0,1.2285714285714286,0.09285714285714286,3.12,1.5299999999999998,0.82,37.0,3.04,7.0,3.44,8.0,2.62,0.3999999999999999
NaNbO3,1,-1,Na,Nb,O,1,5,-2,1.39,0.64,1.4,0.97,3.99,1,1,0.62,1,0.9928571428571429,0.4571428571428572,2.79,2.04,0.93,11.0,1.6,41.0,3.44,8.0,2.51,1.8399999999999999
NaPaO3,1,-1,Na,Pa,O,1,5,-2,1.39,0.78,1.4,0.9,3.88,1,1,0.67,1,0.9928571428571429,0.5571428571428572,2.79,2.1799999999999997,0.93,11.0,1.5,91.0,3.44,8.0,2.51,1.94
NaSbO3,1,-1,Na,Sb,O,1,5,-2,1.39,0.6,1.4,0.99,4.09,1,1,0.58,1,0.9928571428571429,0.4285714285714286,2.79,2.0,0.93,11.0,2.05,51.0,3.44,8.0,2.51,1.3900000000000001
NaTaO3,1,-1,Na,Ta,O,1,5,-2,1.39,0.64,1.4,0.97,3.99,1,1,0.62,1,0.9928571428571429,0.4571428571428572,2.79,2.04,0.93,11.0,1.5,73.0,3.44,8.0,2.51,1.94
NaWO3,1,-1,Na,W,O,1,5,-2,1.39,0.62,1.4,0.98,4.04,1,1,0.6,1,0.9928571428571429,0.4428571428571429,2.79,2.02,0.93,11.0,1.7,74.0,3.44,8.0,2.51,1.74
SmNiO3,1,-1,Sm,Ni,O,3,3,-2,1.24,0.6,1.4,0.93,1.87,1,1,0.97,1,0.8857142857142858,0.4285714285714286,2.6399999999999997,2.0,1.17,62.0,1.91,28.0,3.44,8.0,2.27,1.53
TlNiO3,1,-1,Tl,Ni,O,3,3,-2,0.98,0.6,1.4,0.84,3.32,1,1,0.84,1,0.7000000000000001,0.4285714285714286,2.38,2.0,1.8,81.0,1.91,28.0,3.44,8.0,1.64,1.53
TmNiO3,1,-1,Tm,Ni,O,3,3,-2,1.05,0.6,1.4,0.87,2.7,1,1,0.92,1,0.7500000000000001,0.4285714285714286,2.45,2.0,1.25,69.0,1.91,28.0,3.44,8.0,2.19,1.53
PbZrO3,1,-1,Pb,Zr,O,2,4,-2,1.49,0.72,1.4,0.96,3.64,1,1,0.76,1,1.0642857142857143,0.5142857142857143,2.8899999999999997,2.12,1.8,82.0,1.33,40.0,3.44,8.0,1.64,2.11
SrPuO3,1,-1,Sr,Pu,O,2,4,-2,1.44,0.86,1.4,0.89,4.12,1,1,0.56,1,1.0285714285714287,0.6142857142857143,2.84,2.26,0.95,38.0,1.3,94.0,3.44,8.0,2.49,2.1399999999999997
RbUO3,1,-1,Rb,U,O,1,5,-2,1.72,0.76,1.4,1.02,3.61,1,1,0.77,1,1.2285714285714286,0.5428571428571429,3.12,2.16,0.82,37.0,1.7,92.0,3.44,8.0,2.62,1.74
SmTiO3,1,-1,Sm,Ti,O,3,3,-2,1.24,0.67,1.4,0.9,2.11,1,1,0.96,1,0.8857142857142858,0.47857142857142865,2.6399999999999997,2.07,1.17,62.0,1.54,22.0,3.44,8.0,2.27,1.9
SrTeO3,-1,-1,Sr,Te,O,2,4,-2,1.44,0.97,1.4,0.85,4.96,1,-1,0.23,0,1.0285714285714287,0.6928571428571428,2.84,2.37,0.95,38.0,2.1,52.0,3.44,8.0,2.49,1.3399999999999999
SrTiO3,1,-1,Sr,Ti,O,2,4,-2,1.44,0.6,1.4,1.0,3.8,1,1,0.7,1,1.0285714285714287,0.4285714285714286,2.84,2.0,0.95,38.0,1.54,22.0,3.44,8.0,2.49,1.9
YTmO3,-1,-1,Y,Tm,O,3,3,-2,1.08,0.88,1.4,0.77,10.9,-1,-1,0.0,0,0.7714285714285716,0.6285714285714287,2.48,2.28,1.22,39.0,1.25,69.0,3.44,8.0,2.2199999999999998,2.19
